Workbook

Sheet 人员数据源
A1: city_name | B1: org_name | C1: real_name | D1: sale_oa | E1: onboard_time | F1: 当日呼出电话数 | G1: 当日接通电话数 | H1: 当日接通率 | I1: 当日30s电话数 | J1: 当日45s电话数 | K1: 当日60s电话数 | L1: 当日180s电话数 | M1: 当日累计接通时长(分钟) | N1: 当日外访客户数 | O1: 当日外访签单客户数 | P1: 当日外访签单率 | Q1: 当日总外访时长（分钟） | R1: (辅助)是否计算 | S1: 辅助（司龄） | T1: 主管 | U1: 提报意向数
A2: 青岛 | B2: 增值一部 | C2: 李雪 | D2: lixue51 | E2: 2023-08-25 | F2: =IFERROR(VLOOKUP(C2,路飞话务数据源!D:Q,2,FALSE),0) -> 8 | G2: =IFERROR(VLOOKUP(C2,路飞话务数据源!D:Q,3,FALSE),0) -> 6 | H2: =IFERROR(VLOOKUP(C2,路飞话务数据源!D:Q,4,FALSE),0) -> 0.75 | I2: =IFERROR(VLOOKUP(C2,路飞话务数据源!D:Q,5,FALSE),0) -> 5 | J2: =IFERROR(VLOOKUP(C2,路飞话务数据源!D:Q,6,FALSE),0) -> 5 | K2: =IFERROR(VLOOKUP(C2,路飞话务数据源!D:Q,7,FALSE),0) -> 5 | L2: =IFERROR(VLOOKUP(C2,路飞话务数据源!D:Q,8,FALSE),0) -> 1 | M2: =IFERROR(VLOOKUP(C2,路飞话务数据源!D:Q,9,FALSE),0) -> 10.7 | N2: =IFERROR(VLOOKUP(C2,路飞话务数据源!D:Q,10,FALSE),0) -> 0 | O2: =IFERROR(VLOOKUP(C2,路飞话务数据源!D:Q,11,FALSE),0) -> 0 | P2: =IFERROR(VLOOKUP(C2,路飞话务数据源!D:Q,12,FALSE),0) -> 0 | Q2: =IFERROR(VLOOKUP(C2,路飞话务数据源!D:Q,13,FALSE),0) -> 0 | R2: =IF(OR(TODAY()-E2<=7,F2<5),0,1) -> 1 | S2: =IF(DATEDIF(E2,TODAY(),"M")>=12*3,"3年以上",IF(AND(DATEDIF(E2,TODAY(),"M")>=12*2,DATEDIF(E2,TODAY(),"M")<12*3),"2年-3年",IF(AND(DATEDIF(E2,TODAY(),"M")>=12,DATEDIF(E2,TODAY(),"M")<12*3),"1年-2年",IF(AND(DATEDIF(E2,TODAY(),"M")<12,DATEDIF(E2,TODAY(),"M")>=7),"7月-12月",IF(AND(DATEDIF(E2,TODAY(),"M")<7,DATEDIF(E2,TODAY(),"M")>=3),"4月-6月",IF(DATEDIF(E2,TODAY(),"M")=0,"月内","1-3月")))))) -> 1年-2年 | T2: 明靖 | U2: =SUMIFS(路飞意向数据源!F:F,路飞意向数据源!B:B,A2,路飞意向数据源!C:C,B2,路飞意向数据源!D:D,C2) -> 0
A3: 青岛 | B3: 增值一部 | C3: 张学凯 | D3: zhangxuekai01 | E3: 2023-07-03 | F3: =IFERROR(VLOOKUP(C3,路飞话务数据源!D:Q,2,FALSE),0) -> 30 | G3: =IFERROR(VLOOKUP(C3,路飞话务数据源!D:Q,3,FALSE),0) -> 9 | H3: =IFERROR(VLOOKUP(C3,路飞话务数据源!D:Q,4,FALSE),0) -> 0.3 | I3: =IFERROR(VLOOKUP(C3,路飞话务数据源!D:Q,5,FALSE),0) -> 6 | J3: =IFERROR(VLOOKUP(C3,路飞话务数据源!D:Q,6,FALSE),0) -> 6 | K3: =IFERROR(VLOOKUP(C3,路飞话务数据源!D:Q,7,FALSE),0) -> 4 | L3: =IFERROR(VLOOKUP(C3,路飞话务数据源!D:Q,8,FALSE),0) -> 1 | M3: =IFERROR(VLOOKUP(C3,路飞话务数据源!D:Q,9,FALSE),0) -> 11.733333 | N3: =IFERROR(VLOOKUP(C3,路飞话务数据源!D:Q,10,FALSE),0) -> 0 | O3: =IFERROR(VLOOKUP(C3,路飞话务数据源!D:Q,11,FALSE),0) -> 0 | P3: =IFERROR(VLOOKUP(C3,路飞话务数据源!D:Q,12,FALSE),0) -> 0 | Q3: =IFERROR(VLOOKUP(C3,路飞话务数据源!D:Q,13,FALSE),0) -> 0 | R3: =IF(OR(TODAY()-E3<=7,F3<5),0,1) -> 1 | S3: =IF(DATEDIF(E3,TODAY(),"M")>=12*3,"3年以上",IF(AND(DATEDIF(E3,TODAY(),"M")>=12*2,DATEDIF(E3,TODAY(),"M")<12*3),"2年-3年",IF(AND(DATEDIF(E3,TODAY(),"M")>=12,DATEDIF(E3,TODAY(),"M")<12*3),"1年-2年",IF(AND(DATEDIF(E3,TODAY(),"M")<12,DATEDIF(E3,TODAY(),"M")>=7),"7月-12月",IF(AND(DATEDIF(E3,TODAY(),"M")<7,DATEDIF(E3,TODAY(),"M")>=3),"4月-6月",IF(DATEDIF(E3,TODAY(),"M")=0,"月内","1-3月")))))) -> 1年-2年 | T3: 明靖 | U3: =SUMIFS(路飞意向数据源!F:F,路飞意向数据源!B:B,A3,路飞意向数据源!C:C,B3,路飞意向数据源!D:D,C3) -> 0
A4: 青岛 | B4: 增值一部 | C4: 赵旭阳 | D4: zhaoxuyang03 | E4: 2023-07-24 | F4: =IFERROR(VLOOKUP(C4,路飞话务数据源!D:Q,2,FALSE),0) -> 10 | G4: =IFERROR(VLOOKUP(C4,路飞话务数据源!D:Q,3,FALSE),0) -> 7 | H4: =IFERROR(VLOOKUP(C4,路飞话务数据源!D:Q,4,FALSE),0) -> 0.7 | I4: =IFERROR(VLOOKUP(C4,路飞话务数据源!D:Q,5,FALSE),0) -> 5 | J4: =IFERROR(VLOOKUP(C4,路飞话务数据源!D:Q,6,FALSE),0) -> 4 | K4: =IFERROR(VLOOKUP(C4,路飞话务数据源!D:Q,7,FALSE),0) -> 4 | L4: =IFERROR(VLOOKUP(C4,路飞话务数据源!D:Q,8,FALSE),0) -> 2 | M4: =IFERROR(VLOOKUP(C4,路飞话务数据源!D:Q,9,FALSE),0) -> 16.883333 | N4: =IFERROR(VLOOKUP(C4,路飞话务数据源!D:Q,10,FALSE),0) -> 0 | O4: =IFERROR(VLOOKUP(C4,路飞话务数据源!D:Q,11,FALSE),0) -> 0 | P4: =IFERROR(VLOOKUP(C4,路飞话务数据源!D:Q,12,FALSE),0) -> 0 | Q4: =IFERROR(VLOOKUP(C4,路飞话务数据源!D:Q,13,FALSE),0) -> 0 | R4: =IF(OR(TODAY()-E4<=7,F4<5),0,1) -> 1 | S4: =IF(DATEDIF(E4,TODAY(),"M")>=12*3,"3年以上",IF(AND(DATEDIF(E4,TODAY(),"M")>=12*2,DATEDIF(E4,TODAY(),"M")<12*3),"2年-3年",IF(AND(DATEDIF(E4,TODAY(),"M")>=12,DATEDIF(E4,TODAY(),"M")<12*3),"1年-2年",IF(AND(DATEDIF(E4,TODAY(),"M")<12,DATEDIF(E4,TODAY(),"M")>=7),"7月-12月",IF(AND(DATEDIF(E4,TODAY(),"M")<7,DATEDIF(E4,TODAY(),"M")>=3),"4月-6月",IF(DATEDIF(E4,TODAY(),"M")=0,"月内","1-3月")))))) -> 1年-2年 | T4: 明靖 | U4: =SUMIFS(路飞意向数据源!F:F,路飞意向数据源!B:B,A4,路飞意向数据源!C:C,B4,路飞意向数据源!D:D,C4) -> 0
A5: 青岛 | B5: 增值一部 | C5: 孙俊豪 | D5: sunjunhao | E5: 2023-10-16 | F5: =IFERROR(VLOOKUP(C5,路飞话务数据源!D:Q,2,FALSE),0) -> 51 | G5: =IFERROR(VLOOKUP(C5,路飞话务数据源!D:Q,3,FALSE),0) -> 25 | H5: =IFERROR(VLOOKUP(C5,路飞话务数据源!D:Q,4,FALSE),0) -> 0.49019608 | I5: =IFERROR(VLOOKUP(C5,路飞话务数据源!D:Q,5,FALSE),0) -> 16 | J5: =IFERROR(VLOOKUP(C5,路飞话务数据源!D:Q,6,FALSE),0) -> 12 | K5: =IFERROR(VLOOKUP(C5,路飞话务数据源!D:Q,7,FALSE),0) -> 6 | L5: =IFERROR(VLOOKUP(C5,路飞话务数据源!D:Q,8,FALSE),0) -> 2 | M5: =IFERROR(VLOOKUP(C5,路飞话务数据源!D:Q,9,FALSE),0) -> 26.633333 | N5: =IFERROR(VLOOKUP(C5,路飞话务数据源!D:Q,10,FALSE),0) -> 0 | O5: =IFERROR(VLOOKUP(C5,路飞话务数据源!D:Q,11,FALSE),0) -> 0 | P5: =IFERROR(VLOOKUP(C5,路飞话务数据源!D:Q,12,FALSE),0) -> 0 | Q5: =IFERROR(VLOOKUP(C5,路飞话务数据源!D:Q,13,FALSE),0) -> 0 | R5: =IF(OR(TODAY()-E5<=7,F5<5),0,1) -> 1 | S5: =IF(DATEDIF(E5,TODAY(),"M")>=12*3,"3年以上",IF(AND(DATEDIF(E5,TODAY(),"M")>=12*2,DATEDIF(E5,TODAY(),"M")<12*3),"2年-3年",IF(AND(DATEDIF(E5,TODAY(),"M")>=12,DATEDIF(E5,TODAY(),"M")<12*3),"1年-2年",IF(AND(DATEDIF(E5,TODAY(),"M")<12,DATEDIF(E5,TODAY(),"M")>=7),"7月-12月",IF(AND(DATEDIF(E5,TODAY(),"M")<7,DATEDIF(E5,TODAY(),"M")>=3),"4月-6月",IF(DATEDIF(E5,TODAY(),"M")=0,"月内","1-3月")))))) -> 7月-12月 | T5: 明靖 | U5: =SUMIFS(路飞意向数据源!F:F,路飞意向数据源!B:B,A5,路飞意向数据源!C:C,B5,路飞意向数据源!D:D,C5) -> 0
A6: 青岛 | B6: 增值一部 | C6: 史玉蕾 | D6: shiyulei | E6: 2024-07-23 | F6: =IFERROR(VLOOKUP(C6,路飞话务数据源!D:Q,2,FALSE),0) -> 47 | G6: =IFERROR(VLOOKUP(C6,路飞话务数据源!D:Q,3,FALSE),0) -> 21 | H6: =IFERROR(VLOOKUP(C6,路飞话务数据源!D:Q,4,FALSE),0) -> 0.44680851 | I6: =IFERROR(VLOOKUP(C6,路飞话务数据源!D:Q,5,FALSE),0) -> 15 | J6: =IFERROR(VLOOKUP(C6,路飞话务数据源!D:Q,6,FALSE),0) -> 14 | K6: =IFERROR(VLOOKUP(C6,路飞话务数据源!D:Q,7,FALSE),0) -> 9 | L6: =IFERROR(VLOOKUP(C6,路飞话务数据源!D:Q,8,FALSE),0) -> 0 | M6: =IFERROR(VLOOKUP(C6,路飞话务数据源!D:Q,9,FALSE),0) -> 20.3 | N6: =IFERROR(VLOOKUP(C6,路飞话务数据源!D:Q,10,FALSE),0) -> 0 | O6: =IFERROR(VLOOKUP(C6,路飞话务数据源!D:Q,11,FALSE),0) -> 0 | P6: =IFERROR(VLOOKUP(C6,路飞话务数据源!D:Q,12,FALSE),0) -> 0 | Q6: =IFERROR(VLOOKUP(C6,路飞话务数据源!D:Q,13,FALSE),0) -> 0 | R6: =IF(OR(TODAY()-E6<=7,F6<5),0,1) -> 1 | S6: =IF(DATEDIF(E6,TODAY(),"M")>=12*3,"3年以上",IF(AND(DATEDIF(E6,TODAY(),"M")>=12*2,DATEDIF(E6,TODAY(),"M")<12*3),"2年-3年",IF(AND(DATEDIF(E6,TODAY(),"M")>=12,DATEDIF(E6,TODAY(),"M")<12*3),"1年-2年",IF(AND(DATEDIF(E6,TODAY(),"M")<12,DATEDIF(E6,TODAY(),"M")>=7),"7月-12月",IF(AND(DATEDIF(E6,TODAY(),"M")<7,DATEDIF(E6,TODAY(),"M")>=3),"4月-6月",IF(DATEDIF(E6,TODAY(),"M")=0,"月内","1-3月")))))) -> 1-3月 | T6: 明靖 | U6: =SUMIFS(路飞意向数据源!F:F,路飞意向数据源!B:B,A6,路飞意向数据源!C:C,B6,路飞意向数据源!D:D,C6) -> 0
A7: 青岛 | B7: 增值一部 | C7: 魏广玉 | D7: weiguangyu | E7: 2024-04-12 | F7: =IFERROR(VLOOKUP(C7,路飞话务数据源!D:Q,2,FALSE),0) -> 26 | G7: =IFERROR(VLOOKUP(C7,路飞话务数据源!D:Q,3,FALSE),0) -> 2 | H7: =IFERROR(VLOOKUP(C7,路飞话务数据源!D:Q,4,FALSE),0) -> 0.076923077 | I7: =IFERROR(VLOOKUP(C7,路飞话务数据源!D:Q,5,FALSE),0) -> 0 | J7: =IFERROR(VLOOKUP(C7,路飞话务数据源!D:Q,6,FALSE),0) -> 0 | K7: =IFERROR(VLOOKUP(C7,路飞话务数据源!D:Q,7,FALSE),0) -> 0 | L7: =IFERROR(VLOOKUP(C7,路飞话务数据源!D:Q,8,FALSE),0) -> 0 | M7: =IFERROR(VLOOKUP(C7,路飞话务数据源!D:Q,9,FALSE),0) -> 0.38333333 | N7: =IFERROR(VLOOKUP(C7,路飞话务数据源!D:Q,10,FALSE),0) -> 0 | O7: =IFERROR(VLOOKUP(C7,路飞话务数据源!D:Q,11,FALSE),0) -> 0 | P7: =IFERROR(VLOOKUP(C7,路飞话务数据源!D:Q,12,FALSE),0) -> 0 | Q7: =IFERROR(VLOOKUP(C7,路飞话务数据源!D:Q,13,FALSE),0) -> 0 | R7: =IF(OR(TODAY()-E7<=7,F7<5),0,1) -> 1 | S7: =IF(DATEDIF(E7,TODAY(),"M")>=12*3,"3年以上",IF(AND(DATEDIF(E7,TODAY(),"M")>=12*2,DATEDIF(E7,TODAY(),"M")<12*3),"2年-3年",IF(AND(DATEDIF(E7,TODAY(),"M")>=12,DATEDIF(E7,TODAY(),"M")<12*3),"1年-2年",IF(AND(DATEDIF(E7,TODAY(),"M")<12,DATEDIF(E7,TODAY(),"M")>=7),"7月-12月",IF(AND(DATEDIF(E7,TODAY(),"M")<7,DATEDIF(E7,TODAY(),"M")>=3),"4月-6月",IF(DATEDIF(E7,TODAY(),"M")=0,"月内","1-3月")))))) -> 4月-6月 | T7: 明靖 | U7: =SUMIFS(路飞意向数据源!F:F,路飞意向数据源!B:B,A7,路飞意向数据源!C:C,B7,路飞意向数据源!D:D,C7) -> 0
A8: 青岛 | B8: 增值一部 | C8: 杨嘉艺 | D8: yangjiayi05 | E8: 2024-06-21 | F8: =IFERROR(VLOOKUP(C8,路飞话务数据源!D:Q,2,FALSE),0) -> 0 | G8: =IFERROR(VLOOKUP(C8,路飞话务数据源!D:Q,3,FALSE),0) -> 0 | H8: =IFERROR(VLOOKUP(C8,路飞话务数据源!D:Q,4,FALSE),0) -> 0 | I8: =IFERROR(VLOOKUP(C8,路飞话务数据源!D:Q,5,FALSE),0) -> 0 | J8: =IFERROR(VLOOKUP(C8,路飞话务数据源!D:Q,6,FALSE),0) -> 0 | K8: =IFERROR(VLOOKUP(C8,路飞话务数据源!D:Q,7,FALSE),0) -> 0 | L8: =IFERROR(VLOOKUP(C8,路飞话务数据源!D:Q,8,FALSE),0) -> 0 | M8: =IFERROR(VLOOKUP(C8,路飞话务数据源!D:Q,9,FALSE),0) -> 0 | N8: =IFERROR(VLOOKUP(C8,路飞话务数据源!D:Q,10,FALSE),0) -> 0 | O8: =IFERROR(VLOOKUP(C8,路飞话务数据源!D:Q,11,FALSE),0) -> 0 | P8: =IFERROR(VLOOKUP(C8,路飞话务数据源!D:Q,12,FALSE),0) -> 0 | Q8: =IFERROR(VLOOKUP(C8,路飞话务数据源!D:Q,13,FALSE),0) -> 0 | R8: =IF(OR(TODAY()-E8<=7,F8<5),0,1) -> 0 | S8: =IF(DATEDIF(E8,TODAY(),"M")>=12*3,"3年以上",IF(AND(DATEDIF(E8,TODAY(),"M")>=12*2,DATEDIF(E8,TODAY(),"M")<12*3),"2年-3年",IF(AND(DATEDIF(E8,TODAY(),"M")>=12,DATEDIF(E8,TODAY(),"M")<12*3),"1年-2年",IF(AND(DATEDIF(E8,TODAY(),"M")<12,DATEDIF(E8,TODAY(),"M")>=7),"7月-12月",IF(AND(DATEDIF(E8,TODAY(),"M")<7,DATEDIF(E8,TODAY(),"M")>=3),"4月-6月",IF(DATEDIF(E8,TODAY(),"M")=0,"月内","1-3月")))))) -> 1-3月 | T8: 明靖 | U8: =SUMIFS(路飞意向数据源!F:F,路飞意向数据源!B:B,A8,路飞意向数据源!C:C,B8,路飞意向数据源!D:D,C8) -> 0
A9: 青岛 | B9: 增值一部 | C9: 刘心梦 | D9: liuxinmeng02 | E9: 2023-11-09 | F9: =IFERROR(VLOOKUP(C9,路飞话务数据源!D:Q,2,FALSE),0) -> 6 | G9: =IFERROR(VLOOKUP(C9,路飞话务数据源!D:Q,3,FALSE),0) -> 3 | H9: =IFERROR(VLOOKUP(C9,路飞话务数据源!D:Q,4,FALSE),0) -> 0.5 | I9: =IFERROR(VLOOKUP(C9,路飞话务数据源!D:Q,5,FALSE),0) -> 3 | J9: =IFERROR(VLOOKUP(C9,路飞话务数据源!D:Q,6,FALSE),0) -> 3 | K9: =IFERROR(VLOOKUP(C9,路飞话务数据源!D:Q,7,FALSE),0) -> 1 | L9: =IFERROR(VLOOKUP(C9,路飞话务数据源!D:Q,8,FALSE),0) -> 0 | M9: =IFERROR(VLOOKUP(C9,路飞话务数据源!D:Q,9,FALSE),0) -> 3.6333333 | N9: =IFERROR(VLOOKUP(C9,路飞话务数据源!D:Q,10,FALSE),0) -> 0 | O9: =IFERROR(VLOOKUP(C9,路飞话务数据源!D:Q,11,FALSE),0) -> 0 | P9: =IFERROR(VLOOKUP(C9,路飞话务数据源!D:Q,12,FALSE),0) -> 0 | Q9: =IFERROR(VLOOKUP(C9,路飞话务数据源!D:Q,13,FALSE),0) -> 0 | R9: =IF(OR(TODAY()-E9<=7,F9<5),0,1) -> 1 | S9: =IF(DATEDIF(E9,TODAY(),"M")>=12*3,"3年以上",IF(AND(DATEDIF(E9,TODAY(),"M")>=12*2,DATEDIF(E9,TODAY(),"M")<12*3),"2年-3年",IF(AND(DATEDIF(E9,TODAY(),"M")>=12,DATEDIF(E9,TODAY(),"M")<12*3),"1年-2年",IF(AND(DATEDIF(E9,TODAY(),"M")<12,DATEDIF(E9,TODAY(),"M")>=7),"7月-12月",IF(AND(DATEDIF(E9,TODAY(),"M")<7,DATEDIF(E9,TODAY(),"M")>=3),"4月-6月",IF(DATEDIF(E9,TODAY(),"M")=0,"月内","1-3月")))))) -> 7月-12月 | T9: 明靖 | U9: =SUMIFS(路飞意向数据源!F:F,路飞意向数据源!B:B,A9,路飞意向数据源!C:C,B9,路飞意向数据源!D:D,C9) -> 0
A10: 青岛 | B10: 增值一部 | C10: 焦泽 | D10: jiaoze | E10: 2023-10-18 | F10: =IFERROR(VLOOKUP(C10,路飞话务数据源!D:Q,2,FALSE),0) -> 8 | G10: =IFERROR(VLOOKUP(C10,路飞话务数据源!D:Q,3,FALSE),0) -> 4 | H10: =IFERROR(VLOOKUP(C10,路飞话务数据源!D:Q,4,FALSE),0) -> 0.5 | I10: =IFERROR(VLOOKUP(C10,路飞话务数据源!D:Q,5,FALSE),0) -> 3 | J10: =IFERROR(VLOOKUP(C10,路飞话务数据源!D:Q,6,FALSE),0) -> 1 | K10: =IFERROR(VLOOKUP(C10,路飞话务数据源!D:Q,7,FALSE),0) -> 1 | L10: =IFERROR(VLOOKUP(C10,路飞话务数据源!D:Q,8,FALSE),0) -> 0 | M10: =IFERROR(VLOOKUP(C10,路飞话务数据源!D:Q,9,FALSE),0) -> 3.2 | N10: =IFERROR(VLOOKUP(C10,路飞话务数据源!D:Q,10,FALSE),0) -> 0 | O10: =IFERROR(VLOOKUP(C10,路飞话务数据源!D:Q,11,FALSE),0) -> 0 | P10: =IFERROR(VLOOKUP(C10,路飞话务数据源!D:Q,12,FALSE),0) -> 0 | Q10: =IFERROR(VLOOKUP(C10,路飞话务数据源!D:Q,13,FALSE),0) -> 0 | R10: =IF(OR(TODAY()-E10<=7,F10<5),0,1) -> 1 | S10: =IF(DATEDIF(E10,TODAY(),"M")>=12*3,"3年以上",IF(AND(DATEDIF(E10,TODAY(),"M")>=12*2,DATEDIF(E10,TODAY(),"M")<12*3),"2年-3年",IF(AND(DATEDIF(E10,TODAY(),"M")>=12,DATEDIF(E10,TODAY(),"M")<12*3),"1年-2年",IF(AND(DATEDIF(E10,TODAY(),"M")<12,DATEDIF(E10,TODAY(),"M")>=7),"7月-12月",IF(AND(DATEDIF(E10,TODAY(),"M")<7,DATEDIF(E10,TODAY(),"M")>=3),"4月-6月",IF(DATEDIF(E10,TODAY(),"M")=0,"月内","1-3月")))))) -> 7月-12月 | T10: 明靖 | U10: =SUMIFS(路飞意向数据源!F:F,路飞意向数据源!B:B,A10,路飞意向数据源!C:C,B10,路飞意向数据源!D:D,C10) -> 0
A11: 杭州 | B11: 物流行业一部 | C11: 徐彬勃 | D11: xubinbo | E11: 2019-09-06 | F11: =IFERROR(VLOOKUP(C11,路飞话务数据源!D:Q,2,FALSE),0) -> 0 | G11: =IFERROR(VLOOKUP(C11,路飞话务数据源!D:Q,3,FALSE),0) -> 0 | H11: =IFERROR(VLOOKUP(C11,路飞话务数据源!D:Q,4,FALSE),0) -> 0 | I11: =IFERROR(VLOOKUP(C11,路飞话务数据源!D:Q,5,FALSE),0) -> 0 | J11: =IFERROR(VLOOKUP(C11,路飞话务数据源!D:Q,6,FALSE),0) -> 0 | K11: =IFERROR(VLOOKUP(C11,路飞话务数据源!D:Q,7,FALSE),0) -> 0 | L11: =IFERROR(VLOOKUP(C11,路飞话务数据源!D:Q,8,FALSE),0) -> 0 | M11: =IFERROR(VLOOKUP(C11,路飞话务数据源!D:Q,9,FALSE),0) -> 0 | N11: =IFERROR(VLOOKUP(C11,路飞话务数据源!D:Q,10,FALSE),0) -> 1 | O11: =IFERROR(VLOOKUP(C11,路飞话务数据源!D:Q,11,FALSE),0) -> 0 | P11: =IFERROR(VLOOKUP(C11,路飞话务数据源!D:Q,12,FALSE),0) -> 0 | Q11: =IFERROR(VLOOKUP(C11,路飞话务数据源!D:Q,13,FALSE),0) -> 60 | R11: =IF(OR(TODAY()-E11<=7,F11<5),0,1) -> 0 | S11: =IF(DATEDIF(E11,TODAY(),"M")>=12*3,"3年以上",IF(AND(DATEDIF(E11,TODAY(),"M")>=12*2,DATEDIF(E11,TODAY(),"M")<12*3),"2年-3年",IF(AND(DATEDIF(E11,TODAY(),"M")>=12,DATEDIF(E11,TODAY(),"M")<12*3),"1年-2年",IF(AND(DATEDIF(E11,TODAY(),"M")<12,DATEDIF(E11,TODAY(),"M")>=7),"7月-12月",IF(AND(DATEDIF(E11,TODAY(),"M")<7,DATEDIF(E11,TODAY(),"M")>=3),"4月-6月",IF(DATEDIF(E11,TODAY(),"M")=0,"月内","1-3月")))))) -> 3年以上 | T11: 冯凯 | U11: =SUMIFS(路飞意向数据源!F:F,路飞意向数据源!B:B,A11,路飞意向数据源!C:C,B11,路飞意向数据源!D:D,C11) -> 0
A12: 杭州 | B12: 物流行业一部 | C12: 叶佳妮 | D12: yejiani | E12: 2021-01-14 | F12: =IFERROR(VLOOKUP(C12,路飞话务数据源!D:Q,2,FALSE),0) -> 0 | G12: =IFERROR(VLOOKUP(C12,路飞话务数据源!D:Q,3,FALSE),0) -> 0 | H12: =IFERROR(VLOOKUP(C12,路飞话务数据源!D:Q,4,FALSE),0) -> 0 | I12: =IFERROR(VLOOKUP(C12,路飞话务数据源!D:Q,5,FALSE),0) -> 0 | J12: =IFERROR(VLOOKUP(C12,路飞话务数据源!D:Q,6,FALSE),0) -> 0 | K12: =IFERROR(VLOOKUP(C12,路飞话务数据源!D:Q,7,FALSE),0) -> 0 | L12: =IFERROR(VLOOKUP(C12,路飞话务数据源!D:Q,8,FALSE),0) -> 0 | M12: =IFERROR(VLOOKUP(C12,路飞话务数据源!D:Q,9,FALSE),0) -> 0 | N12: =IFERROR(VLOOKUP(C12,路飞话务数据源!D:Q,10,FALSE),0) -> 0 | O12: =IFERROR(VLOOKUP(C12,路飞话务数据源!D:Q,11,FALSE),0) -> 0 | P12: =IFERROR(VLOOKUP(C12,路飞话务数据源!D:Q,12,FALSE),0) -> 0 | Q12: =IFERROR(VLOOKUP(C12,路飞话务数据源!D:Q,13,FALSE),0) -> 0 | R12: =IF(OR(TODAY()-E12<=7,F12<5),0,1) -> 0 | S12: =IF(DATEDIF(E12,TODAY(),"M")>=12*3,"3年以上",IF(AND(DATEDIF(E12,TODAY(),"M")>=12*2,DATEDIF(E12,TODAY(),"M")<12*3),"2年-3年",IF(AND(DATEDIF(E12,TODAY(),"M")>=12,DATEDIF(E12,TODAY(),"M")<12*3),"1年-2年",IF(AND(DATEDIF(E12,TODAY(),"M")<12,DATEDIF(E12,TODAY(),"M")>=7),"7月-12月",IF(AND(DATEDIF(E12,TODAY(),"M")<7,DATEDIF(E12,TODAY(),"M")>=3),"4月-6月",IF(DATEDIF(E12,TODAY(),"M")=0,"月内","1-3月")))))) -> 3年以上 | T12: 冯凯 | U12: =SUMIFS(路飞意向数据源!F:F,路飞意向数据源!B:B,A12,路飞意向数据源!C:C,B12,路飞意向数据源!D:D,C12) -> 0
A13: 杭州 | B13: 物流行业一部 | C13: 邱骏 | D13: qiujun05 | E13: 2021-09-08 | F13: =IFERROR(VLOOKUP(C13,路飞话务数据源!D:Q,2,FALSE),0) -> 0 | G13: =IFERROR(VLOOKUP(C13,路飞话务数据源!D:Q,3,FALSE),0) -> 0 | H13: =IFERROR(VLOOKUP(C13,路飞话务数据源!D:Q,4,FALSE),0) -> 0 | I13: =IFERROR(VLOOKUP(C13,路飞话务数据源!D:Q,5,FALSE),0) -> 0 | J13: =IFERROR(VLOOKUP(C13,路飞话务数据源!D:Q,6,FALSE),0) -> 0 | K13: =IFERROR(VLOOKUP(C13,路飞话务数据源!D:Q,7,FALSE),0) -> 0 | L13: =IFERROR(VLOOKUP(C13,路飞话务数据源!D:Q,8,FALSE),0) -> 0 | M13: =IFERROR(VLOOKUP(C13,路飞话务数据源!D:Q,9,FALSE),0) -> 0 | N13: =IFERROR(VLOOKUP(C13,路飞话务数据源!D:Q,10,FALSE),0) -> 1 | O13: =IFERROR(VLOOKUP(C13,路飞话务数据源!D:Q,11,FALSE),0) -> 0 | P13: =IFERROR(VLOOKUP(C13,路飞话务数据源!D:Q,12,FALSE),0) -> 0 | Q13: =IFERROR(VLOOKUP(C13,路飞话务数据源!D:Q,13,FALSE),0) -> 83 | R13: =IF(OR(TODAY()-E13<=7,F13<5),0,1) -> 0 | S13: =IF(DATEDIF(E13,TODAY(),"M")>=12*3,"3年以上",IF(AND(DATEDIF(E13,TODAY(),"M")>=12*2,DATEDIF(E13,TODAY(),"M")<12*3),"2年-3年",IF(AND(DATEDIF(E13,TODAY(),"M")>=12,DATEDIF(E13,TODAY(),"M")<12*3),"1年-2年",IF(AND(DATEDIF(E13,TODAY(),"M")<12,DATEDIF(E13,TODAY(),"M")>=7),"7月-12月",IF(AND(DATEDIF(E13,TODAY(),"M")<7,DATEDIF(E13,TODAY(),"M")>=3),"4月-6月",IF(DATEDIF(E13,TODAY(),"M")=0,"月内","1-3月")))))) -> 2年-3年 | T13: 冯凯 | U13: =SUMIFS(路飞意向数据源!F:F,路飞意向数据源!B:B,A13,路飞意向数据源!C:C,B13,路飞意向数据源!D:D,C13) -> 0
... A30: 济南 | B30: 新签四部 | C30: 邵荣晶 | D30: shaorongjing | E30: 2024-07-10 | F30: =IFERROR(VLOOKUP(C30,路飞话务数据源!D:Q,2,FALSE),0) -> 277 | G30: =IFERROR(VLOOKUP(C30,路飞话务数据源!D:Q,3,FALSE),0) -> 100 | H30: =IFERROR(VLOOKUP(C30,路飞话务数据源!D:Q,4,FALSE),0) -> 0.36101083 | I30: =IFERROR(VLOOKUP(C30,路飞话务数据源!D:Q,5,FALSE),0) -> 57 | J30: =IFERROR(VLOOKUP(C30,路飞话务数据源!D:Q,6,FALSE),0) -> 39 | K30: =IFERROR(VLOOKUP(C30,路飞话务数据源!D:Q,7,FALSE),0) -> 27 | L30: =IFERROR(VLOOKUP(C30,路飞话务数据源!D:Q,8,FALSE),0) -> 3 | M30: =IFERROR(VLOOKUP(C30,路飞话务数据源!D:Q,9,FALSE),0) -> 79.933333 | N30: =IFERROR(VLOOKUP(C30,路飞话务数据源!D:Q,10,FALSE),0) -> 0 | O30: =IFERROR(VLOOKUP(C30,路飞话务数据源!D:Q,11,FALSE),0) -> 0 | P30: =IFERROR(VLOOKUP(C30,路飞话务数据源!D:Q,12,FALSE),0) -> 0 | Q30: =IFERROR(VLOOKUP(C30,路飞话务数据源!D:Q,13,FALSE),0) -> 0 | R30: =IF(OR(TODAY()-E30<=7,F30<5),0,1) -> 1 | S30: =IF(DATEDIF(E30,TODAY(),"M")>=12*3,"3年以上",IF(AND(DATEDIF(E30,TODAY(),"M")>=12*2,DATEDIF(E30,TODAY(),"M")<12*3),"2年-3年",IF(AND(DATEDIF(E30,TODAY(),"M")>=12,DATEDIF(E30,TODAY(),"M")<12*3),"1年-2年",IF(AND(DATEDIF(E30,TODAY(),"M")<12,DATEDIF(E30,TODAY(),"M")>=7),"7月-12月",IF(AND(DATEDIF(E30,TODAY(),"M")<7,DATEDIF(E30,TODAY(),"M")>=3),"4月-6月",IF(DATEDIF(E30,TODAY(),"M")=0,"月内","1-3月")))))) -> 1-3月 | T30: 梁梦飞 | U30: =SUMIFS(路飞意向数据源!F:F,路飞意向数据源!B:B,A30,路飞意向数据源!C:C,B30,路飞意向数据源!D:D,C30) -> 0
A31: 济南 | B31: 新签四部 | C31: 宋强 | D31: songqiang04 | E31: 2024-07-19 | F31: =IFERROR(VLOOKUP(C31,路飞话务数据源!D:Q,2,FALSE),0) -> 288 | G31: =IFERROR(VLOOKUP(C31,路飞话务数据源!D:Q,3,FALSE),0) -> 123 | H31: =IFERROR(VLOOKUP(C31,路飞话务数据源!D:Q,4,FALSE),0) -> 0.42708333 | I31: =IFERROR(VLOOKUP(C31,路飞话务数据源!D:Q,5,FALSE),0) -> 50 | J31: =IFERROR(VLOOKUP(C31,路飞话务数据源!D:Q,6,FALSE),0) -> 31 | K31: =IFERROR(VLOOKUP(C31,路飞话务数据源!D:Q,7,FALSE),0) -> 16 | L31: =IFERROR(VLOOKUP(C31,路飞话务数据源!D:Q,8,FALSE),0) -> 1 | M31: =IFERROR(VLOOKUP(C31,路飞话务数据源!D:Q,9,FALSE),0) -> 67.25 | N31: =IFERROR(VLOOKUP(C31,路飞话务数据源!D:Q,10,FALSE),0) -> 0 | O31: 0 | P31: =IFERROR(VLOOKUP(C31,路飞话务数据源!D:Q,12,FALSE),0) -> 0 | Q31: =IFERROR(VLOOKUP(C31,路飞话务数据源!D:Q,13,FALSE),0) -> 0 | R31: =IF(OR(TODAY()-E31<=7,F31<5),0,1) -> 1 | S31: =IF(DATEDIF(E31,TODAY(),"M")>=12*3,"3年以上",IF(AND(DATEDIF(E31,TODAY(),"M")>=12*2,DATEDIF(E31,TODAY(),"M")<12*3),"2年-3年",IF(AND(DATEDIF(E31,TODAY(),"M")>=12,DATEDIF(E31,TODAY(),"M")<12*3),"1年-2年",IF(AND(DATEDIF(E31,TODAY(),"M")<12,DATEDIF(E31,TODAY(),"M")>=7),"7月-12月",IF(AND(DATEDIF(E31,TODAY(),"M")<7,DATEDIF(E31,TODAY(),"M")>=3),"4月-6月",IF(DATEDIF(E31,TODAY(),"M")=0,"月内","1-3月")))))) -> 1-3月 | T31: 梁梦飞 | U31: =SUMIFS(路飞意向数据源!F:F,路飞意向数据源!B:B,A31,路飞意向数据源!C:C,B31,路飞意向数据源!D:D,C31) -> 0
A32: 济南 | B32: 新签四部 | C32: 时荣飞 | D32: shirongfei | E32: 2024-07-24 | F32: =IFERROR(VLOOKUP(C32,路飞话务数据源!D:Q,2,FALSE),0) -> 257 | G32: =IFERROR(VLOOKUP(C32,路飞话务数据源!D:Q,3,FALSE),0) -> 118 | H32: =IFERROR(VLOOKUP(C32,路飞话务数据源!D:Q,4,FALSE),0) -> 0.45914397 | I32: =IFERROR(VLOOKUP(C32,路飞话务数据源!D:Q,5,FALSE),0) -> 43 | J32: =IFERROR(VLOOKUP(C32,路飞话务数据源!D:Q,6,FALSE),0) -> 30 | K32: =IFERROR(VLOOKUP(C32,路飞话务数据源!D:Q,7,FALSE),0) -> 10 | L32: =IFERROR(VLOOKUP(C32,路飞话务数据源!D:Q,8,FALSE),0) -> 1 | M32: =IFERROR(VLOOKUP(C32,路飞话务数据源!D:Q,9,FALSE),0) -> 63.583333 | N32: =IFERROR(VLOOKUP(C32,路飞话务数据源!D:Q,10,FALSE),0) -> 0 | O32: =IFERROR(VLOOKUP(C32,路飞话务数据源!D:Q,11,FALSE),0) -> 0 | P32: =IFERROR(VLOOKUP(C32,路飞话务数据源!D:Q,12,FALSE),0) -> 0 | Q32: =IFERROR(VLOOKUP(C32,路飞话务数据源!D:Q,13,FALSE),0) -> 0 | R32: =IF(OR(TODAY()-E32<=7,F32<5),0,1) -> 1 | S32: =IF(DATEDIF(E32,TODAY(),"M")>=12*3,"3年以上",IF(AND(DATEDIF(E32,TODAY(),"M")>=12*2,DATEDIF(E32,TODAY(),"M")<12*3),"2年-3年",IF(AND(DATEDIF(E32,TODAY(),"M")>=12,DATEDIF(E32,TODAY(),"M")<12*3),"1年-2年",IF(AND(DATEDIF(E32,TODAY(),"M")<12,DATEDIF(E32,TODAY(),"M")>=7),"7月-12月",IF(AND(DATEDIF(E32,TODAY(),"M")<7,DATEDIF(E32,TODAY(),"M")>=3),"4月-6月",IF(DATEDIF(E32,TODAY(),"M")=0,"月内","1-3月")))))) -> 1-3月 | T32: 梁梦飞 | U32: =SUMIFS(路飞意向数据源!F:F,路飞意向数据源!B:B,A32,路飞意向数据源!C:C,B32,路飞意向数据源!D:D,C32) -> 0
A33: 杭州 | B33: 地推一部 | C33: 吴家宝 | D33: wujiabao03 | E33: 2024-08-26 | F33: =IFERROR(VLOOKUP(C33,路飞话务数据源!D:Q,2,FALSE),0) -> 0 | G33: =IFERROR(VLOOKUP(C33,路飞话务数据源!D:Q,3,FALSE),0) -> 0 | H33: =IFERROR(VLOOKUP(C33,路飞话务数据源!D:Q,4,FALSE),0) -> 0 | I33: =IFERROR(VLOOKUP(C33,路飞话务数据源!D:Q,5,FALSE),0) -> 0 | J33: =IFERROR(VLOOKUP(C33,路飞话务数据源!D:Q,6,FALSE),0) -> 0 | K33: =IFERROR(VLOOKUP(C33,路飞话务数据源!D:Q,7,FALSE),0) -> 0 | L33: =IFERROR(VLOOKUP(C33,路飞话务数据源!D:Q,8,FALSE),0) -> 0 | M33: =IFERROR(VLOOKUP(C33,路飞话务数据源!D:Q,9,FALSE),0) -> 0 | N33: =IFERROR(VLOOKUP(C33,路飞话务数据源!D:Q,10,FALSE),0) -> 0 | O33: =IFERROR(VLOOKUP(C33,路飞话务数据源!D:Q,11,FALSE),0) -> 0 | P33: =IFERROR(VLOOKUP(C33,路飞话务数据源!D:Q,12,FALSE),0) -> 0 | Q33: =IFERROR(VLOOKUP(C33,路飞话务数据源!D:Q,13,FALSE),0) -> 0 | R33: =IF(OR(TODAY()-E33<=7,F33<5),0,1) -> 0 | S33: =IF(DATEDIF(E33,TODAY(),"M")>=12*3,"3年以上",IF(AND(DATEDIF(E33,TODAY(),"M")>=12*2,DATEDIF(E33,TODAY(),"M")<12*3),"2年-3年",IF(AND(DATEDIF(E33,TODAY(),"M")>=12,DATEDIF(E33,TODAY(),"M")<12*3),"1年-2年",IF(AND(DATEDIF(E33,TODAY(),"M")<12,DATEDIF(E33,TODAY(),"M")>=7),"7月-12月",IF(AND(DATEDIF(E33,TODAY(),"M")<7,DATEDIF(E33,TODAY(),"M")>=3),"4月-6月",IF(DATEDIF(E33,TODAY(),"M")=0,"月内","1-3月")))))) -> 月内 | T33: 张日昂 | U33: =SUMIFS(路飞意向数据源!F:F,路飞意向数据源!B:B,A33,路飞意向数据源!C:C,B33,路飞意向数据源!D:D,C33) -> 0
A34: 杭州 | B34: 地推一部 | C34: 刘安宇 | D34: liuanyu | E34: 2024-01-19 | F34: =IFERROR(VLOOKUP(C34,路飞话务数据源!D:Q,2,FALSE),0) -> 0 | G34: =IFERROR(VLOOKUP(C34,路飞话务数据源!D:Q,3,FALSE),0) -> 0 | H34: =IFERROR(VLOOKUP(C34,路飞话务数据源!D:Q,4,FALSE),0) -> 0 | I34: =IFERROR(VLOOKUP(C34,路飞话务数据源!D:Q,5,FALSE),0) -> 0 | J34: =IFERROR(VLOOKUP(C34,路飞话务数据源!D:Q,6,FALSE),0) -> 0 | K34: =IFERROR(VLOOKUP(C34,路飞话务数据源!D:Q,7,FALSE),0) -> 0 | L34: =IFERROR(VLOOKUP(C34,路飞话务数据源!D:Q,8,FALSE),0) -> 0 | M34: =IFERROR(VLOOKUP(C34,路飞话务数据源!D:Q,9,FALSE),0) -> 0 | N34: 0 | O34: 0 | P34: =IFERROR(VLOOKUP(C34,路飞话务数据源!D:Q,12,FALSE),0) -> 0 | Q34: =IFERROR(VLOOKUP(C34,路飞话务数据源!D:Q,13,FALSE),0) -> 0 | R34: =IF(OR(TODAY()-E34<=7,F34<5),0,1) -> 0 | S34: =IF(DATEDIF(E34,TODAY(),"M")>=12*3,"3年以上",IF(AND(DATEDIF(E34,TODAY(),"M")>=12*2,DATEDIF(E34,TODAY(),"M")<12*3),"2年-3年",IF(AND(DATEDIF(E34,TODAY(),"M")>=12,DATEDIF(E34,TODAY(),"M")<12*3),"1年-2年",IF(AND(DATEDIF(E34,TODAY(),"M")<12,DATEDIF(E34,TODAY(),"M")>=7),"7月-12月",IF(AND(DATEDIF(E34,TODAY(),"M")<7,DATEDIF(E34,TODAY(),"M")>=3),"4月-6月",IF(DATEDIF(E34,TODAY(),"M")=0,"月内","1-3月")))))) -> 7月-12月 | T34: 张日昂 | U34: =SUMIFS(路飞意向数据源!F:F,路飞意向数据源!B:B,A34,路飞意向数据源!C:C,B34,路飞意向数据源!D:D,C34) -> 0
A35: 杭州 | B35: 地推一部 | C35: 汪庆善 | D35: wangqingshan | E35: 2024-03-11 | F35: =IFERROR(VLOOKUP(C35,路飞话务数据源!D:Q,2,FALSE),0) -> 0 | G35: =IFERROR(VLOOKUP(C35,路飞话务数据源!D:Q,3,FALSE),0) -> 0 | H35: =IFERROR(VLOOKUP(C35,路飞话务数据源!D:Q,4,FALSE),0) -> 0 | I35: =IFERROR(VLOOKUP(C35,路飞话务数据源!D:Q,5,FALSE),0) -> 0 | J35: =IFERROR(VLOOKUP(C35,路飞话务数据源!D:Q,6,FALSE),0) -> 0 | K35: =IFERROR(VLOOKUP(C35,路飞话务数据源!D:Q,7,FALSE),0) -> 0 | L35: =IFERROR(VLOOKUP(C35,路飞话务数据源!D:Q,8,FALSE),0) -> 0 | M35: =IFERROR(VLOOKUP(C35,路飞话务数据源!D:Q,9,FALSE),0) -> 0 | N35: =IFERROR(VLOOKUP(C35,路飞话务数据源!D:Q,10,FALSE),0) -> 0 | O35: =IFERROR(VLOOKUP(C35,路飞话务数据源!D:Q,11,FALSE),0) -> 0 | P35: =IFERROR(VLOOKUP(C35,路飞话务数据源!D:Q,12,FALSE),0) -> 0 | Q35: =IFERROR(VLOOKUP(C35,路飞话务数据源!D:Q,13,FALSE),0) -> 0 | R35: =IF(OR(TODAY()-E35<=7,F35<5),0,1) -> 0 | S35: =IF(DATEDIF(E35,TODAY(),"M")>=12*3,"3年以上",IF(AND(DATEDIF(E35,TODAY(),"M")>=12*2,DATEDIF(E35,TODAY(),"M")<12*3),"2年-3年",IF(AND(DATEDIF(E35,TODAY(),"M")>=12,DATEDIF(E35,TODAY(),"M")<12*3),"1年-2年",IF(AND(DATEDIF(E35,TODAY(),"M")<12,DATEDIF(E35,TODAY(),"M")>=7),"7月-12月",IF(AND(DATEDIF(E35,TODAY(),"M")<7,DATEDIF(E35,TODAY(),"M")>=3),"4月-6月",IF(DATEDIF(E35,TODAY(),"M")=0,"月内","1-3月")))))) -> 4月-6月 | T35: 张日昂 | U35: =SUMIFS(路飞意向数据源!F:F,路飞意向数据源!B:B,A35,路飞意向数据源!C:C,B35,路飞意向数据源!D:D,C35) -> 0
A36: 杭州 | B36: 地推一部 | C36: 许寿方 | D36: xushoufang | E36: 2024-06-25 | F36: =IFERROR(VLOOKUP(C36,路飞话务数据源!D:Q,2,FALSE),0) -> 0 | G36: =IFERROR(VLOOKUP(C36,路飞话务数据源!D:Q,3,FALSE),0) -> 0 | H36: =IFERROR(VLOOKUP(C36,路飞话务数据源!D:Q,4,FALSE),0) -> 0 | I36: =IFERROR(VLOOKUP(C36,路飞话务数据源!D:Q,5,FALSE),0) -> 0 | J36: =IFERROR(VLOOKUP(C36,路飞话务数据源!D:Q,6,FALSE),0) -> 0 | K36: =IFERROR(VLOOKUP(C36,路飞话务数据源!D:Q,7,FALSE),0) -> 0 | L36: =IFERROR(VLOOKUP(C36,路飞话务数据源!D:Q,8,FALSE),0) -> 0 | M36: =IFERROR(VLOOKUP(C36,路飞话务数据源!D:Q,9,FALSE),0) -> 0 | N36: =IFERROR(VLOOKUP(C36,路飞话务数据源!D:Q,10,FALSE),0) -> 0 | O36: =IFERROR(VLOOKUP(C36,路飞话务数据源!D:Q,11,FALSE),0) -> 0 | P36: =IFERROR(VLOOKUP(C36,路飞话务数据源!D:Q,12,FALSE),0) -> 0 | Q36: =IFERROR(VLOOKUP(C36,路飞话务数据源!D:Q,13,FALSE),0) -> 0 | R36: =IF(OR(TODAY()-E36<=7,F36<5),0,1) -> 0 | S36: =IF(DATEDIF(E36,TODAY(),"M")>=12*3,"3年以上",IF(AND(DATEDIF(E36,TODAY(),"M")>=12*2,DATEDIF(E36,TODAY(),"M")<12*3),"2年-3年",IF(AND(DATEDIF(E36,TODAY(),"M")>=12,DATEDIF(E36,TODAY(),"M")<12*3),"1年-2年",IF(AND(DATEDIF(E36,TODAY(),"M")<12,DATEDIF(E36,TODAY(),"M")>=7),"7月-12月",IF(AND(DATEDIF(E36,TODAY(),"M")<7,DATEDIF(E36,TODAY(),"M")>=3),"4月-6月",IF(DATEDIF(E36,TODAY(),"M")=0,"月内","1-3月")))))) -> 1-3月 | T36: 张日昂 | U36: =SUMIFS(路飞意向数据源!F:F,路飞意向数据源!B:B,A36,路飞意向数据源!C:C,B36,路飞意向数据源!D:D,C36) -> 0
A37: 杭州 | B37: 地推一部 | C37: 蔡晨煜 | D37: caichenyu | E37: 2024-06-26 | F37: =IFERROR(VLOOKUP(C37,路飞话务数据源!D:Q,2,FALSE),0) -> 0 | G37: =IFERROR(VLOOKUP(C37,路飞话务数据源!D:Q,3,FALSE),0) -> 0 | H37: =IFERROR(VLOOKUP(C37,路飞话务数据源!D:Q,4,FALSE),0) -> 0 | I37: =IFERROR(VLOOKUP(C37,路飞话务数据源!D:Q,5,FALSE),0) -> 0 | J37: =IFERROR(VLOOKUP(C37,路飞话务数据源!D:Q,6,FALSE),0) -> 0 | K37: =IFERROR(VLOOKUP(C37,路飞话务数据源!D:Q,7,FALSE),0) -> 0 | L37: =IFERROR(VLOOKUP(C37,路飞话务数据源!D:Q,8,FALSE),0) -> 0 | M37: =IFERROR(VLOOKUP(C37,路飞话务数据源!D:Q,9,FALSE),0) -> 0 | N37: =IFERROR(VLOOKUP(C37,路飞话务数据源!D:Q,10,FALSE),0) -> 0 | O37: =IFERROR(VLOOKUP(C37,路飞话务数据源!D:Q,11,FALSE),0) -> 0 | P37: =IFERROR(VLOOKUP(C37,路飞话务数据源!D:Q,12,FALSE),0) -> 0 | Q37: =IFERROR(VLOOKUP(C37,路飞话务数据源!D:Q,13,FALSE),0) -> 0 | R37: =IF(OR(TODAY()-E37<=7,F37<5),0,1) -> 0 | S37: =IF(DATEDIF(E37,TODAY(),"M")>=12*3,"3年以上",IF(AND(DATEDIF(E37,TODAY(),"M")>=12*2,DATEDIF(E37,TODAY(),"M")<12*3),"2年-3年",IF(AND(DATEDIF(E37,TODAY(),"M")>=12,DATEDIF(E37,TODAY(),"M")<12*3),"1年-2年",IF(AND(DATEDIF(E37,TODAY(),"M")<12,DATEDIF(E37,TODAY(),"M")>=7),"7月-12月",IF(AND(DATEDIF(E37,TODAY(),"M")<7,DATEDIF(E37,TODAY(),"M")>=3),"4月-6月",IF(DATEDIF(E37,TODAY(),"M")=0,"月内","1-3月")))))) -> 1-3月 | T37: 张日昂 | U37: =SUMIFS(路飞意向数据源!F:F,路飞意向数据源!B:B,A37,路飞意向数据源!C:C,B37,路飞意向数据源!D:D,C37) -> 0
A38: 杭州 | B38: 地推一部 | C38: 杨宁 | D38: yangning15 | E38: 2024-07-29 | F38: =IFERROR(VLOOKUP(C38,路飞话务数据源!D:Q,2,FALSE),0) -> 2 | G38: =IFERROR(VLOOKUP(C38,路飞话务数据源!D:Q,3,FALSE),0) -> 0 | H38: =IFERROR(VLOOKUP(C38,路飞话务数据源!D:Q,4,FALSE),0) -> 0 | I38: =IFERROR(VLOOKUP(C38,路飞话务数据源!D:Q,5,FALSE),0) -> 0 | J38: =IFERROR(VLOOKUP(C38,路飞话务数据源!D:Q,6,FALSE),0) -> 0 | K38: =IFERROR(VLOOKUP(C38,路飞话务数据源!D:Q,7,FALSE),0) -> 0 | L38: =IFERROR(VLOOKUP(C38,路飞话务数据源!D:Q,8,FALSE),0) -> 0 | M38: =IFERROR(VLOOKUP(C38,路飞话务数据源!D:Q,9,FALSE),0) -> 0 | N38: =IFERROR(VLOOKUP(C38,路飞话务数据源!D:Q,10,FALSE),0) -> 0 | O38: =IFERROR(VLOOKUP(C38,路飞话务数据源!D:Q,11,FALSE),0) -> 0 | P38: =IFERROR(VLOOKUP(C38,路飞话务数据源!D:Q,12,FALSE),0) -> 0 | Q38: =IFERROR(VLOOKUP(C38,路飞话务数据源!D:Q,13,FALSE),0) -> 0 | R38: =IF(OR(TODAY()-E38<=7,F38<5),0,1) -> 0 | S38: =IF(DATEDIF(E38,TODAY(),"M")>=12*3,"3年以上",IF(AND(DATEDIF(E38,TODAY(),"M")>=12*2,DATEDIF(E38,TODAY(),"M")<12*3),"2年-3年",IF(AND(DATEDIF(E38,TODAY(),"M")>=12,DATEDIF(E38,TODAY(),"M")<12*3),"1年-2年",IF(AND(DATEDIF(E38,TODAY(),"M")<12,DATEDIF(E38,TODAY(),"M")>=7),"7月-12月",IF(AND(DATEDIF(E38,TODAY(),"M")<7,DATEDIF(E38,TODAY(),"M")>=3),"4月-6月",IF(DATEDIF(E38,TODAY(),"M")=0,"月内","1-3月")))))) -> 1-3月 | T38: 张日昂 | U38: =SUMIFS(路飞意向数据源!F:F,路飞意向数据源!B:B,A38,路飞意向数据源!C:C,B38,路飞意向数据源!D:D,C38) -> 0
A39: 杭州 | B39: 地推一部 | C39: 马帅 | D39: mashuai12 | E39: 2024-08-02 | F39: =IFERROR(VLOOKUP(C39,路飞话务数据源!D:Q,2,FALSE),0) -> 0 | G39: =IFERROR(VLOOKUP(C39,路飞话务数据源!D:Q,3,FALSE),0) -> 0 | H39: =IFERROR(VLOOKUP(C39,路飞话务数据源!D:Q,4,FALSE),0) -> 0 | I39: =IFERROR(VLOOKUP(C39,路飞话务数据源!D:Q,5,FALSE),0) -> 0 | J39: =IFERROR(VLOOKUP(C39,路飞话务数据源!D:Q,6,FALSE),0) -> 0 | K39: =IFERROR(VLOOKUP(C39,路飞话务数据源!D:Q,7,FALSE),0) -> 0 | L39: =IFERROR(VLOOKUP(C39,路飞话务数据源!D:Q,8,FALSE),0) -> 0 | M39: =IFERROR(VLOOKUP(C39,路飞话务数据源!D:Q,9,FALSE),0) -> 0 | N39: =IFERROR(VLOOKUP(C39,路飞话务数据源!D:Q,10,FALSE),0) -> 0 | O39: =IFERROR(VLOOKUP(C39,路飞话务数据源!D:Q,11,FALSE),0) -> 0 | P39: =IFERROR(VLOOKUP(C39,路飞话务数据源!D:Q,12,FALSE),0) -> 0 | Q39: =IFERROR(VLOOKUP(C39,路飞话务数据源!D:Q,13,FALSE),0) -> 0 | R39: =IF(OR(TODAY()-E39<=7,F39<5),0,1) -> 0 | S39: =IF(DATEDIF(E39,TODAY(),"M")>=12*3,"3年以上",IF(AND(DATEDIF(E39,TODAY(),"M")>=12*2,DATEDIF(E39,TODAY(),"M")<12*3),"2年-3年",IF(AND(DATEDIF(E39,TODAY(),"M")>=12,DATEDIF(E39,TODAY(),"M")<12*3),"1年-2年",IF(AND(DATEDIF(E39,TODAY(),"M")<12,DATEDIF(E39,TODAY(),"M")>=7),"7月-12月",IF(AND(DATEDIF(E39,TODAY(),"M")<7,DATEDIF(E39,TODAY(),"M")>=3),"4月-6月",IF(DATEDIF(E39,TODAY(),"M")=0,"月内","1-3月")))))) -> 1-3月 | T39: 张日昂 | U39: =SUMIFS(路飞意向数据源!F:F,路飞意向数据源!B:B,A39,路飞意向数据源!C:C,B39,路飞意向数据源!D:D,C39) -> 0
A40: 杭州 | B40: 地推一部 | C40: 杨雅倩 | D40: yangyaqian02 | E40: 2021-03-12 | F40: =IFERROR(VLOOKUP(C40,路飞话务数据源!D:Q,2,FALSE),0) -> 0 | G40: =IFERROR(VLOOKUP(C40,路飞话务数据源!D:Q,3,FALSE),0) -> 0 | H40: =IFERROR(VLOOKUP(C40,路飞话务数据源!D:Q,4,FALSE),0) -> 0 | I40: =IFERROR(VLOOKUP(C40,路飞话务数据源!D:Q,5,FALSE),0) -> 0 | J40: =IFERROR(VLOOKUP(C40,路飞话务数据源!D:Q,6,FALSE),0) -> 0 | K40: =IFERROR(VLOOKUP(C40,路飞话务数据源!D:Q,7,FALSE),0) -> 0 | L40: =IFERROR(VLOOKUP(C40,路飞话务数据源!D:Q,8,FALSE),0) -> 0 | M40: =IFERROR(VLOOKUP(C40,路飞话务数据源!D:Q,9,FALSE),0) -> 0 | N40: =IFERROR(VLOOKUP(C40,路飞话务数据源!D:Q,10,FALSE),0) -> 0 | O40: =IFERROR(VLOOKUP(C40,路飞话务数据源!D:Q,11,FALSE),0) -> 0 | P40: =IFERROR(VLOOKUP(C40,路飞话务数据源!D:Q,12,FALSE),0) -> 0 | Q40: =IFERROR(VLOOKUP(C40,路飞话务数据源!D:Q,13,FALSE),0) -> 0 | R40: =IF(OR(TODAY()-E40<=7,F40<5),0,1) -> 0 | S40: =IF(DATEDIF(E40,TODAY(),"M")>=12*3,"3年以上",IF(AND(DATEDIF(E40,TODAY(),"M")>=12*2,DATEDIF(E40,TODAY(),"M")<12*3),"2年-3年",IF(AND(DATEDIF(E40,TODAY(),"M")>=12,DATEDIF(E40,TODAY(),"M")<12*3),"1年-2年",IF(AND(DATEDIF(E40,TODAY(),"M")<12,DATEDIF(E40,TODAY(),"M")>=7),"7月-12月",IF(AND(DATEDIF(E40,TODAY(),"M")<7,DATEDIF(E40,TODAY(),"M")>=3),"4月-6月",IF(DATEDIF(E40,TODAY(),"M")=0,"月内","1-3月")))))) -> 3年以上 | T40: 张日昂 | U40: =SUMIFS(路飞意向数据源!F:F,路飞意向数据源!B:B,A40,路飞意向数据源!C:C,B40,路飞意向数据源!D:D,C40) -> 0
A41: 杭州 | B41: 新签二部 | C41: 张绍权 | D41: zhangshaoquan01 | E41: 2024-07-01 | F41: =IFERROR(VLOOKUP(C41,路飞话务数据源!D:Q,2,FALSE),0) -> 62 | G41: =IFERROR(VLOOKUP(C41,路飞话务数据源!D:Q,3,FALSE),0) -> 30 | H41: =IFERROR(VLOOKUP(C41,路飞话务数据源!D:Q,4,FALSE),0) -> 0.48387097 | I41: =IFERROR(VLOOKUP(C41,路飞话务数据源!D:Q,5,FALSE),0) -> 10 | J41: =IFERROR(VLOOKUP(C41,路飞话务数据源!D:Q,6,FALSE),0) -> 6 | K41: =IFERROR(VLOOKUP(C41,路飞话务数据源!D:Q,7,FALSE),0) -> 6 | L41: =IFERROR(VLOOKUP(C41,路飞话务数据源!D:Q,8,FALSE),0) -> 0 | M41: =IFERROR(VLOOKUP(C41,路飞话务数据源!D:Q,9,FALSE),0) -> 15.216667 | N41: =IFERROR(VLOOKUP(C41,路飞话务数据源!D:Q,10,FALSE),0) -> 2 | O41: =IFERROR(VLOOKUP(C41,路飞话务数据源!D:Q,11,FALSE),0) -> 0 | P41: =IFERROR(VLOOKUP(C41,路飞话务数据源!D:Q,12,FALSE),0) -> 0 | Q41: =IFERROR(VLOOKUP(C41,路飞话务数据源!D:Q,13,FALSE),0) -> 87 | R41: =IF(OR(TODAY()-E41<=7,F41<5),0,1) -> 1 | S41: =IF(DATEDIF(E41,TODAY(),"M")>=12*3,"3年以上",IF(AND(DATEDIF(E41,TODAY(),"M")>=12*2,DATEDIF(E41,TODAY(),"M")<12*3),"2年-3年",IF(AND(DATEDIF(E41,TODAY(),"M")>=12,DATEDIF(E41,TODAY(),"M")<12*3),"1年-2年",IF(AND(DATEDIF(E41,TODAY(),"M")<12,DATEDIF(E41,TODAY(),"M")>=7),"7月-12月",IF(AND(DATEDIF(E41,TODAY(),"M")<7,DATEDIF(E41,TODAY(),"M")>=3),"4月-6月",IF(DATEDIF(E41,TODAY(),"M")=0,"月内","1-3月")))))) -> 1-3月 | T41: 徐小慧 | U41: =SUMIFS(路飞意向数据源!F:F,路飞意向数据源!B:B,A41,路飞意向数据源!C:C,B41,路飞意向数据源!D:D,C41) -> 3
A42: 杭州 | B42: 新签二部 | C42: 楼鼎元 | D42: loudingyuan | E42: 2024-03-18 | F42: =IFERROR(VLOOKUP(C42,路飞话务数据源!D:Q,2,FALSE),0) -> 127 | G42: =IFERROR(VLOOKUP(C42,路飞话务数据源!D:Q,3,FALSE),0) -> 66 | H42: =IFERROR(VLOOKUP(C42,路飞话务数据源!D:Q,4,FALSE),0) -> 0.51968504 | I42: =IFERROR(VLOOKUP(C42,路飞话务数据源!D:Q,5,FALSE),0) -> 24 | J42: =IFERROR(VLOOKUP(C42,路飞话务数据源!D:Q,6,FALSE),0) -> 19 | K42: =IFERROR(VLOOKUP(C42,路飞话务数据源!D:Q,7,FALSE),0) -> 9 | L42: =IFERROR(VLOOKUP(C42,路飞话务数据源!D:Q,8,FALSE),0) -> 0 | M42: =IFERROR(VLOOKUP(C42,路飞话务数据源!D:Q,9,FALSE),0) -> 36.35 | N42: =IFERROR(VLOOKUP(C42,路飞话务数据源!D:Q,10,FALSE),0) -> 0 | O42: =IFERROR(VLOOKUP(C42,路飞话务数据源!D:Q,11,FALSE),0) -> 0 | P42: =IFERROR(VLOOKUP(C42,路飞话务数据源!D:Q,12,FALSE),0) -> 0 | Q42: =IFERROR(VLOOKUP(C42,路飞话务数据源!D:Q,13,FALSE),0) -> 0 | R42: =IF(OR(TODAY()-E42<=7,F42<5),0,1) -> 1 | S42: =IF(DATEDIF(E42,TODAY(),"M")>=12*3,"3年以上",IF(AND(DATEDIF(E42,TODAY(),"M")>=12*2,DATEDIF(E42,TODAY(),"M")<12*3),"2年-3年",IF(AND(DATEDIF(E42,TODAY(),"M")>=12,DATEDIF(E42,TODAY(),"M")<12*3),"1年-2年",IF(AND(DATEDIF(E42,TODAY(),"M")<12,DATEDIF(E42,TODAY(),"M")>=7),"7月-12月",IF(AND(DATEDIF(E42,TODAY(),"M")<7,DATEDIF(E42,TODAY(),"M")>=3),"4月-6月",IF(DATEDIF(E42,TODAY(),"M")=0,"月内","1-3月")))))) -> 4月-6月 | T42: 徐小慧 | U42: =SUMIFS(路飞意向数据源!F:F,路飞意向数据源!B:B,A42,路飞意向数据源!C:C,B42,路飞意向数据源!D:D,C42) -> 0
A43: 杭州 | B43: 新签二部 | C43: 张成杰 | D43: zhangchengjie01 | E43: 2023-05-06 | F43: =IFERROR(VLOOKUP(C43,路飞话务数据源!D:Q,2,FALSE),0) -> 69 | G43: =IFERROR(VLOOKUP(C43,路飞话务数据源!D:Q,3,FALSE),0) -> 33 | H43: =IFERROR(VLOOKUP(C43,路飞话务数据源!D:Q,4,FALSE),0) -> 0.47826087 | I43: =IFERROR(VLOOKUP(C43,路飞话务数据源!D:Q,5,FALSE),0) -> 17 | J43: =IFERROR(VLOOKUP(C43,路飞话务数据源!D:Q,6,FALSE),0) -> 15 | K43: =IFERROR(VLOOKUP(C43,路飞话务数据源!D:Q,7,FALSE),0) -> 5 | L43: =IFERROR(VLOOKUP(C43,路飞话务数据源!D:Q,8,FALSE),0) -> 1 | M43: =IFERROR(VLOOKUP(C43,路飞话务数据源!D:Q,9,FALSE),0) -> 26.433333 | N43: =IFERROR(VLOOKUP(C43,路飞话务数据源!D:Q,10,FALSE),0) -> 1 | O43: =IFERROR(VLOOKUP(C43,路飞话务数据源!D:Q,11,FALSE),0) -> 1 | P43: =IFERROR(VLOOKUP(C43,路飞话务数据源!D:Q,12,FALSE),0) -> 1 | Q43: =IFERROR(VLOOKUP(C43,路飞话务数据源!D:Q,13,FALSE),0) -> 22 | R43: =IF(OR(TODAY()-E43<=7,F43<5),0,1) -> 1 | S43: =IF(DATEDIF(E43,TODAY(),"M")>=12*3,"3年以上",IF(AND(DATEDIF(E43,TODAY(),"M")>=12*2,DATEDIF(E43,TODAY(),"M")<12*3),"2年-3年",IF(AND(DATEDIF(E43,TODAY(),"M")>=12,DATEDIF(E43,TODAY(),"M")<12*3),"1年-2年",IF(AND(DATEDIF(E43,TODAY(),"M")<12,DATEDIF(E43,TODAY(),"M")>=7),"7月-12月",IF(AND(DATEDIF(E43,TODAY(),"M")<7,DATEDIF(E43,TODAY(),"M")>=3),"4月-6月",IF(DATEDIF(E43,TODAY(),"M")=0,"月内","1-3月")))))) -> 1年-2年 | T43: 徐小慧 | U43: =SUMIFS(路飞意向数据源!F:F,路飞意向数据源!B:B,A43,路飞意向数据源!C:C,B43,路飞意向数据源!D:D,C43) -> 1
A44: 杭州 | B44: 新签二部 | C44: 唐杰伟 | D44: tangjiewei | E44: 2018-07-02 | F44: =IFERROR(VLOOKUP(C44,路飞话务数据源!D:Q,2,FALSE),0) -> 341 | G44: =IFERROR(VLOOKUP(C44,路飞话务数据源!D:Q,3,FALSE),0) -> 146 | H44: =IFERROR(VLOOKUP(C44,路飞话务数据源!D:Q,4,FALSE),0) -> 0.42815249 | I44: =IFERROR(VLOOKUP(C44,路飞话务数据源!D:Q,5,FALSE),0) -> 51 | J44: =IFERROR(VLOOKUP(C44,路飞话务数据源!D:Q,6,FALSE),0) -> 31 | K44: =IFERROR(VLOOKUP(C44,路飞话务数据源!D:Q,7,FALSE),0) -> 19 | L44: =IFERROR(VLOOKUP(C44,路飞话务数据源!D:Q,8,FALSE),0) -> 2 | M44: =IFERROR(VLOOKUP(C44,路飞话务数据源!D:Q,9,FALSE),0) -> 77.766667 | N44: =IFERROR(VLOOKUP(C44,路飞话务数据源!D:Q,10,FALSE),0) -> 0 | O44: =IFERROR(VLOOKUP(C44,路飞话务数据源!D:Q,11,FALSE),0) -> 0 | P44: =IFERROR(VLOOKUP(C44,路飞话务数据源!D:Q,12,FALSE),0) -> 0 | Q44: =IFERROR(VLOOKUP(C44,路飞话务数据源!D:Q,13,FALSE),0) -> 0 | R44: =IF(OR(TODAY()-E44<=7,F44<5),0,1) -> 1 | S44: =IF(DATEDIF(E44,TODAY(),"M")>=12*3,"3年以上",IF(AND(DATEDIF(E44,TODAY(),"M")>=12*2,DATEDIF(E44,TODAY(),"M")<12*3),"2年-3年",IF(AND(DATEDIF(E44,TODAY(),"M")>=12,DATEDIF(E44,TODAY(),"M")<12*3),"1年-2年",IF(AND(DATEDIF(E44,TODAY(),"M")<12,DATEDIF(E44,TODAY(),"M")>=7),"7月-12月",IF(AND(DATEDIF(E44,TODAY(),"M")<7,DATEDIF(E44,TODAY(),"M")>=3),"4月-6月",IF(DATEDIF(E44,TODAY(),"M")=0,"月内","1-3月")))))) -> 3年以上 | T44: 徐小慧 | U44: =SUMIFS(路飞意向数据源!F:F,路飞意向数据源!B:B,A44,路飞意向数据源!C:C,B44,路飞意向数据源!D:D,C44) -> 0
A45: 杭州 | B45: 新签二部 | C45: 吴琳 | D45: wulin04 | E45: 2023-10-09 | F45: =IFERROR(VLOOKUP(C45,路飞话务数据源!D:Q,2,FALSE),0) -> 119 | G45: =IFERROR(VLOOKUP(C45,路飞话务数据源!D:Q,3,FALSE),0) -> 50 | H45: =IFERROR(VLOOKUP(C45,路飞话务数据源!D:Q,4,FALSE),0) -> 0.42016807 | I45: =IFERROR(VLOOKUP(C45,路飞话务数据源!D:Q,5,FALSE),0) -> 27 | J45: =IFERROR(VLOOKUP(C45,路飞话务数据源!D:Q,6,FALSE),0) -> 21 | K45: =IFERROR(VLOOKUP(C45,路飞话务数据源!D:Q,7,FALSE),0) -> 12 | L45: =IFERROR(VLOOKUP(C45,路飞话务数据源!D:Q,8,FALSE),0) -> 2 | M45: =IFERROR(VLOOKUP(C45,路飞话务数据源!D:Q,9,FALSE),0) -> 38.05 | N45: =IFERROR(VLOOKUP(C45,路飞话务数据源!D:Q,10,FALSE),0) -> 0 | O45: =IFERROR(VLOOKUP(C45,路飞话务数据源!D:Q,11,FALSE),0) -> 0 | P45: =IFERROR(VLOOKUP(C45,路飞话务数据源!D:Q,12,FALSE),0) -> 0 | Q45: =IFERROR(VLOOKUP(C45,路飞话务数据源!D:Q,13,FALSE),0) -> 0 | R45: =IF(OR(TODAY()-E45<=7,F45<5),0,1) -> 1 | S45: =IF(DATEDIF(E45,TODAY(),"M")>=12*3,"3年以上",IF(AND(DATEDIF(E45,TODAY(),"M")>=12*2,DATEDIF(E45,TODAY(),"M")<12*3),"2年-3年",IF(AND(DATEDIF(E45,TODAY(),"M")>=12,DATEDIF(E45,TODAY(),"M")<12*3),"1年-2年",IF(AND(DATEDIF(E45,TODAY(),"M")<12,DATEDIF(E45,TODAY(),"M")>=7),"7月-12月",IF(AND(DATEDIF(E45,TODAY(),"M")<7,DATEDIF(E45,TODAY(),"M")>=3),"4月-6月",IF(DATEDIF(E45,TODAY(),"M")=0,"月内","1-3月")))))) -> 7月-12月 | T45: 徐小慧 | U45: =SUMIFS(路飞意向数据源!F:F,路飞意向数据源!B:B,A45,路飞意向数据源!C:C,B45,路飞意向数据源!D:D,C45) -> 0
A46: 杭州 | B46: 新签二部 | C46: 杨蓓蕾 | D46: yangbeilei | E46: 2024-08-16 | F46: =IFERROR(VLOOKUP(C46,路飞话务数据源!D:Q,2,FALSE),0) -> 195 | G46: =IFERROR(VLOOKUP(C46,路飞话务数据源!D:Q,3,FALSE),0) -> 99 | H46: =IFERROR(VLOOKUP(C46,路飞话务数据源!D:Q,4,FALSE),0) -> 0.50769231 | I46: =IFERROR(VLOOKUP(C46,路飞话务数据源!D:Q,5,FALSE),0) -> 29 | J46: =IFERROR(VLOOKUP(C46,路飞话务数据源!D:Q,6,FALSE),0) -> 18 | K46: =IFERROR(VLOOKUP(C46,路飞话务数据源!D:Q,7,FALSE),0) -> 12 | L46: =IFERROR(VLOOKUP(C46,路飞话务数据源!D:Q,8,FALSE),0) -> 0 | M46: =IFERROR(VLOOKUP(C46,路飞话务数据源!D:Q,9,FALSE),0) -> 47.433333 | N46: =IFERROR(VLOOKUP(C46,路飞话务数据源!D:Q,10,FALSE),0) -> 0 | O46: =IFERROR(VLOOKUP(C46,路飞话务数据源!D:Q,11,FALSE),0) -> 0 | P46: =IFERROR(VLOOKUP(C46,路飞话务数据源!D:Q,12,FALSE),0) -> 0 | Q46: =IFERROR(VLOOKUP(C46,路飞话务数据源!D:Q,13,FALSE),0) -> 0 | R46: 0 | S46: =IF(DATEDIF(E46,TODAY(),"M")>=12*3,"3年以上",IF(AND(DATEDIF(E46,TODAY(),"M")>=12*2,DATEDIF(E46,TODAY(),"M")<12*3),"2年-3年",IF(AND(DATEDIF(E46,TODAY(),"M")>=12,DATEDIF(E46,TODAY(),"M")<12*3),"1年-2年",IF(AND(DATEDIF(E46,TODAY(),"M")<12,DATEDIF(E46,TODAY(),"M")>=7),"7月-12月",IF(AND(DATEDIF(E46,TODAY(),"M")<7,DATEDIF(E46,TODAY(),"M")>=3),"4月-6月",IF(DATEDIF(E46,TODAY(),"M")=0,"月内","1-3月")))))) -> 月内 | T46: 徐小慧 | U46: =SUMIFS(路飞意向数据源!F:F,路飞意向数据源!B:B,A46,路飞意向数据源!C:C,B46,路飞意向数据源!D:D,C46) -> 0
A47: 杭州 | B47: 新签二部 | C47: 朱青青 | D47: zhuqingqing | E47: 2024-08-05 | F47: =IFERROR(VLOOKUP(C47,路飞话务数据源!D:Q,2,FALSE),0) -> 181 | G47: =IFERROR(VLOOKUP(C47,路飞话务数据源!D:Q,3,FALSE),0) -> 112 | H47: =IFERROR(VLOOKUP(C47,路飞话务数据源!D:Q,4,FALSE),0) -> 0.61878453 | I47: =IFERROR(VLOOKUP(C47,路飞话务数据源!D:Q,5,FALSE),0) -> 54 | J47: =IFERROR(VLOOKUP(C47,路飞话务数据源!D:Q,6,FALSE),0) -> 35 | K47: =IFERROR(VLOOKUP(C47,路飞话务数据源!D:Q,7,FALSE),0) -> 24 | L47: =IFERROR(VLOOKUP(C47,路飞话务数据源!D:Q,8,FALSE),0) -> 2 | M47: =IFERROR(VLOOKUP(C47,路飞话务数据源!D:Q,9,FALSE),0) -> 82.7 | N47: =IFERROR(VLOOKUP(C47,路飞话务数据源!D:Q,10,FALSE),0) -> 0 | O47: =IFERROR(VLOOKUP(C47,路飞话务数据源!D:Q,11,FALSE),0) -> 0 | P47: =IFERROR(VLOOKUP(C47,路飞话务数据源!D:Q,12,FALSE),0) -> 0 | Q47: =IFERROR(VLOOKUP(C47,路飞话务数据源!D:Q,13,FALSE),0) -> 0 | R47: =IF(OR(TODAY()-E47<=7,F47<5),0,1) -> 1 | S47: =IF(DATEDIF(E47,TODAY(),"M")>=12*3,"3年以上",IF(AND(DATEDIF(E47,TODAY(),"M")>=12*2,DATEDIF(E47,TODAY(),"M")<12*3),"2年-3年",IF(AND(DATEDIF(E47,TODAY(),"M")>=12,DATEDIF(E47,TODAY(),"M")<12*3),"1年-2年",IF(AND(DATEDIF(E47,TODAY(),"M")<12,DATEDIF(E47,TODAY(),"M")>=7),"7月-12月",IF(AND(DATEDIF(E47,TODAY(),"M")<7,DATEDIF(E47,TODAY(),"M")>=3),"4月-6月",IF(DATEDIF(E47,TODAY(),"M")=0,"月内","1-3月")))))) -> 月内 | T47: 徐小慧 | U47: =SUMIFS(路飞意向数据源!F:F,路飞意向数据源!B:B,A47,路飞意向数据源!C:C,B47,路飞意向数据源!D:D,C47) -> 0
A48: 杭州 | B48: 新签二部 | C48: 何文瀚 | D48: hewenhan | E48: 2024-05-27 | F48: =IFERROR(VLOOKUP(C48,路飞话务数据源!D:Q,2,FALSE),0) -> 160 | G48: =IFERROR(VLOOKUP(C48,路飞话务数据源!D:Q,3,FALSE),0) -> 78 | H48: =IFERROR(VLOOKUP(C48,路飞话务数据源!D:Q,4,FALSE),0) -> 0.4875 | I48: =IFERROR(VLOOKUP(C48,路飞话务数据源!D:Q,5,FALSE),0) -> 37 | J48: =IFERROR(VLOOKUP(C48,路飞话务数据源!D:Q,6,FALSE),0) -> 24 | K48: =IFERROR(VLOOKUP(C48,路飞话务数据源!D:Q,7,FALSE),0) -> 13 | L48: =IFERROR(VLOOKUP(C48,路飞话务数据源!D:Q,8,FALSE),0) -> 2 | M48: =IFERROR(VLOOKUP(C48,路飞话务数据源!D:Q,9,FALSE),0) -> 75.05 | N48: =IFERROR(VLOOKUP(C48,路飞话务数据源!D:Q,10,FALSE),0) -> 0 | O48: =IFERROR(VLOOKUP(C48,路飞话务数据源!D:Q,11,FALSE),0) -> 0 | P48: =IFERROR(VLOOKUP(C48,路飞话务数据源!D:Q,12,FALSE),0) -> 0 | Q48: =IFERROR(VLOOKUP(C48,路飞话务数据源!D:Q,13,FALSE),0) -> 0 | R48: =IF(OR(TODAY()-E48<=7,F48<5),0,1) -> 1 | S48: =IF(DATEDIF(E48,TODAY(),"M")>=12*3,"3年以上",IF(AND(DATEDIF(E48,TODAY(),"M")>=12*2,DATEDIF(E48,TODAY(),"M")<12*3),"2年-3年",IF(AND(DATEDIF(E48,TODAY(),"M")>=12,DATEDIF(E48,TODAY(),"M")<12*3),"1年-2年",IF(AND(DATEDIF(E48,TODAY(),"M")<12,DATEDIF(E48,TODAY(),"M")>=7),"7月-12月",IF(AND(DATEDIF(E48,TODAY(),"M")<7,DATEDIF(E48,TODAY(),"M")>=3),"4月-6月",IF(DATEDIF(E48,TODAY(),"M")=0,"月内","1-3月")))))) -> 4月-6月 | T48: 徐小慧 | U48: =SUMIFS(路飞意向数据源!F:F,路飞意向数据源!B:B,A48,路飞意向数据源!C:C,B48,路飞意向数据源!D:D,C48) -> 0
A49: 杭州 | B49: 新签二部 | C49: 胡凯伦 | D49: hukailun | E49: 2024-05-27 | F49: =IFERROR(VLOOKUP(C49,路飞话务数据源!D:Q,2,FALSE),0) -> 192 | G49: =IFERROR(VLOOKUP(C49,路飞话务数据源!D:Q,3,FALSE),0) -> 99 | H49: =IFERROR(VLOOKUP(C49,路飞话务数据源!D:Q,4,FALSE),0) -> 0.515625 | I49: =IFERROR(VLOOKUP(C49,路飞话务数据源!D:Q,5,FALSE),0) -> 26 | J49: =IFERROR(VLOOKUP(C49,路飞话务数据源!D:Q,6,FALSE),0) -> 13 | K49: =IFERROR(VLOOKUP(C49,路飞话务数据源!D:Q,7,FALSE),0) -> 5 | L49: =IFERROR(VLOOKUP(C49,路飞话务数据源!D:Q,8,FALSE),0) -> 1 | M49: =IFERROR(VLOOKUP(C49,路飞话务数据源!D:Q,9,FALSE),0) -> 45.716667 | N49: =IFERROR(VLOOKUP(C49,路飞话务数据源!D:Q,10,FALSE),0) -> 0 | O49: =IFERROR(VLOOKUP(C49,路飞话务数据源!D:Q,11,FALSE),0) -> 0 | P49: =IFERROR(VLOOKUP(C49,路飞话务数据源!D:Q,12,FALSE),0) -> 0 | Q49: =IFERROR(VLOOKUP(C49,路飞话务数据源!D:Q,13,FALSE),0) -> 0 | R49: =IF(OR(TODAY()-E49<=7,F49<5),0,1) -> 1 | S49: =IF(DATEDIF(E49,TODAY(),"M")>=12*3,"3年以上",IF(AND(DATEDIF(E49,TODAY(),"M")>=12*2,DATEDIF(E49,TODAY(),"M")<12*3),"2年-3年",IF(AND(DATEDIF(E49,TODAY(),"M")>=12,DATEDIF(E49,TODAY(),"M")<12*3),"1年-2年",IF(AND(DATEDIF(E49,TODAY(),"M")<12,DATEDIF(E49,TODAY(),"M")>=7),"7月-12月",IF(AND(DATEDIF(E49,TODAY(),"M")<7,DATEDIF(E49,TODAY(),"M")>=3),"4月-6月",IF(DATEDIF(E49,TODAY(),"M")=0,"月内","1-3月")))))) -> 4月-6月 | T49: 徐小慧 | U49: =SUMIFS(路飞意向数据源!F:F,路飞意向数据源!B:B,A49,路飞意向数据源!C:C,B49,路飞意向数据源!D:D,C49) -> 0
A50: 青岛 | B50: 地推一部 | C50: 魏佳昊 | D50: weijiahao | E50: 2024-07-01 | F50: =IFERROR(VLOOKUP(C50,路飞话务数据源!D:Q,2,FALSE),0) -> 32 | G50: =IFERROR(VLOOKUP(C50,路飞话务数据源!D:Q,3,FALSE),0) -> 19 | H50: =IFERROR(VLOOKUP(C50,路飞话务数据源!D:Q,4,FALSE),0) -> 0.59375 | I50: =IFERROR(VLOOKUP(C50,路飞话务数据源!D:Q,5,FALSE),0) -> 7 | J50: =IFERROR(VLOOKUP(C50,路飞话务数据源!D:Q,6,FALSE),0) -> 4 | K50: =IFERROR(VLOOKUP(C50,路飞话务数据源!D:Q,7,FALSE),0) -> 3 | L50: =IFERROR(VLOOKUP(C50,路飞话务数据源!D:Q,8,FALSE),0) -> 0 | M50: =IFERROR(VLOOKUP(C50,路飞话务数据源!D:Q,9,FALSE),0) -> 10.783333 | N50: =IFERROR(VLOOKUP(C50,路飞话务数据源!D:Q,10,FALSE),0) -> 0 | O50: =IFERROR(VLOOKUP(C50,路飞话务数据源!D:Q,11,FALSE),0) -> 0 | P50: =IFERROR(VLOOKUP(C50,路飞话务数据源!D:Q,12,FALSE),0) -> 0 | Q50: =IFERROR(VLOOKUP(C50,路飞话务数据源!D:Q,13,FALSE),0) -> 0 | R50: =IF(OR(TODAY()-E50<=7,F50<5),0,1) -> 1 | S50: =IF(DATEDIF(E50,TODAY(),"M")>=12*3,"3年以上",IF(AND(DATEDIF(E50,TODAY(),"M")>=12*2,DATEDIF(E50,TODAY(),"M")<12*3),"2年-3年",IF(AND(DATEDIF(E50,TODAY(),"M")>=12,DATEDIF(E50,TODAY(),"M")<12*3),"1年-2年",IF(AND(DATEDIF(E50,TODAY(),"M")<12,DATEDIF(E50,TODAY(),"M")>=7),"7月-12月",IF(AND(DATEDIF(E50,TODAY(),"M")<7,DATEDIF(E50,TODAY(),"M")>=3),"4月-6月",IF(DATEDIF(E50,TODAY(),"M")=0,"月内","1-3月")))))) -> 1-3月 | T50: 庄晨晨 | U50: =SUMIFS(路飞意向数据源!F:F,路飞意向数据源!B:B,A50,路飞意向数据源!C:C,B50,路飞意向数据源!D:D,C50) -> 0
A51: 青岛 | B51: 地推一部 | C51: 李可 | D51: like25 | E51: 2024-03-25 | F51: =IFERROR(VLOOKUP(C51,路飞话务数据源!D:Q,2,FALSE),0) -> 0 | G51: =IFERROR(VLOOKUP(C51,路飞话务数据源!D:Q,3,FALSE),0) -> 0 | H51: =IFERROR(VLOOKUP(C51,路飞话务数据源!D:Q,4,FALSE),0) -> 0 | I51: =IFERROR(VLOOKUP(C51,路飞话务数据源!D:Q,5,FALSE),0) -> 0 | J51: =IFERROR(VLOOKUP(C51,路飞话务数据源!D:Q,6,FALSE),0) -> 0 | K51: =IFERROR(VLOOKUP(C51,路飞话务数据源!D:Q,7,FALSE),0) -> 0 | L51: =IFERROR(VLOOKUP(C51,路飞话务数据源!D:Q,8,FALSE),0) -> 0 | M51: =IFERROR(VLOOKUP(C51,路飞话务数据源!D:Q,9,FALSE),0) -> 0 | N51: =IFERROR(VLOOKUP(C51,路飞话务数据源!D:Q,10,FALSE),0) -> 0 | O51: =IFERROR(VLOOKUP(C51,路飞话务数据源!D:Q,11,FALSE),0) -> 0 | P51: =IFERROR(VLOOKUP(C51,路飞话务数据源!D:Q,12,FALSE),0) -> 0 | Q51: =IFERROR(VLOOKUP(C51,路飞话务数据源!D:Q,13,FALSE),0) -> 0 | R51: =IF(OR(TODAY()-E51<=7,F51<5),0,1) -> 0 | S51: =IF(DATEDIF(E51,TODAY(),"M")>=12*3,"3年以上",IF(AND(DATEDIF(E51,TODAY(),"M")>=12*2,DATEDIF(E51,TODAY(),"M")<12*3),"2年-3年",IF(AND(DATEDIF(E51,TODAY(),"M")>=12,DATEDIF(E51,TODAY(),"M")<12*3),"1年-2年",IF(AND(DATEDIF(E51,TODAY(),"M")<12,DATEDIF(E51,TODAY(),"M")>=7),"7月-12月",IF(AND(DATEDIF(E51,TODAY(),"M")<7,DATEDIF(E51,TODAY(),"M")>=3),"4月-6月",IF(DATEDIF(E51,TODAY(),"M")=0,"月内","1-3月")))))) -> 4月-6月 | T51: 庄晨晨 | U51: =SUMIFS(路飞意向数据源!F:F,路飞意向数据源!B:B,A51,路飞意向数据源!C:C,B51,路飞意向数据源!D:D,C51) -> 0
A52: 青岛 | B52: 地推一部 | C52: 李明 | D52: liming58 | E52: 2024-04-18 | F52: =IFERROR(VLOOKUP(C52,路飞话务数据源!D:Q,2,FALSE),0) -> 4 | G52: =IFERROR(VLOOKUP(C52,路飞话务数据源!D:Q,3,FALSE),0) -> 2 | H52: =IFERROR(VLOOKUP(C52,路飞话务数据源!D:Q,4,FALSE),0) -> 0.5 | I52: =IFERROR(VLOOKUP(C52,路飞话务数据源!D:Q,5,FALSE),0) -> 1 | J52: =IFERROR(VLOOKUP(C52,路飞话务数据源!D:Q,6,FALSE),0) -> 0 | K52: =IFERROR(VLOOKUP(C52,路飞话务数据源!D:Q,7,FALSE),0) -> 0 | L52: =IFERROR(VLOOKUP(C52,路飞话务数据源!D:Q,8,FALSE),0) -> 0 | M52: =IFERROR(VLOOKUP(C52,路飞话务数据源!D:Q,9,FALSE),0) -> 0.65 | N52: =IFERROR(VLOOKUP(C52,路飞话务数据源!D:Q,10,FALSE),0) -> 0 | O52: =IFERROR(VLOOKUP(C52,路飞话务数据源!D:Q,11,FALSE),0) -> 0 | P52: =IFERROR(VLOOKUP(C52,路飞话务数据源!D:Q,12,FALSE),0) -> 0 | Q52: =IFERROR(VLOOKUP(C52,路飞话务数据源!D:Q,13,FALSE),0) -> 0 | R52: =IF(OR(TODAY()-E52<=7,F52<5),0,1) -> 0 | S52: =IF(DATEDIF(E52,TODAY(),"M")>=12*3,"3年以上",IF(AND(DATEDIF(E52,TODAY(),"M")>=12*2,DATEDIF(E52,TODAY(),"M")<12*3),"2年-3年",IF(AND(DATEDIF(E52,TODAY(),"M")>=12,DATEDIF(E52,TODAY(),"M")<12*3),"1年-2年",IF(AND(DATEDIF(E52,TODAY(),"M")<12,DATEDIF(E52,TODAY(),"M")>=7),"7月-12月",IF(AND(DATEDIF(E52,TODAY(),"M")<7,DATEDIF(E52,TODAY(),"M")>=3),"4月-6月",IF(DATEDIF(E52,TODAY(),"M")=0,"月内","1-3月")))))) -> 4月-6月 | T52: 庄晨晨 | U52: =SUMIFS(路飞意向数据源!F:F,路飞意向数据源!B:B,A52,路飞意向数据源!C:C,B52,路飞意向数据源!D:D,C52) -> 0
A53: 青岛 | B53: 地推一部 | C53: 于佳林 | D53: yujialin01 | E53: 2024-06-12 | F53: =IFERROR(VLOOKUP(C53,路飞话务数据源!D:Q,2,FALSE),0) -> 0 | G53: =IFERROR(VLOOKUP(C53,路飞话务数据源!D:Q,3,FALSE),0) -> 0 | H53: =IFERROR(VLOOKUP(C53,路飞话务数据源!D:Q,4,FALSE),0) -> 0 | I53: =IFERROR(VLOOKUP(C53,路飞话务数据源!D:Q,5,FALSE),0) -> 0 | J53: =IFERROR(VLOOKUP(C53,路飞话务数据源!D:Q,6,FALSE),0) -> 0 | K53: =IFERROR(VLOOKUP(C53,路飞话务数据源!D:Q,7,FALSE),0) -> 0 | L53: =IFERROR(VLOOKUP(C53,路飞话务数据源!D:Q,8,FALSE),0) -> 0 | M53: =IFERROR(VLOOKUP(C53,路飞话务数据源!D:Q,9,FALSE),0) -> 0 | N53: =IFERROR(VLOOKUP(C53,路飞话务数据源!D:Q,10,FALSE),0) -> 0 | O53: =IFERROR(VLOOKUP(C53,路飞话务数据源!D:Q,11,FALSE),0) -> 0 | P53: =IFERROR(VLOOKUP(C53,路飞话务数据源!D:Q,12,FALSE),0) -> 0 | Q53: =IFERROR(VLOOKUP(C53,路飞话务数据源!D:Q,13,FALSE),0) -> 0 | R53: =IF(OR(TODAY()-E53<=7,F53<5),0,1) -> 0 | S53: =IF(DATEDIF(E53,TODAY(),"M")>=12*3,"3年以上",IF(AND(DATEDIF(E53,TODAY(),"M")>=12*2,DATEDIF(E53,TODAY(),"M")<12*3),"2年-3年",IF(AND(DATEDIF(E53,TODAY(),"M")>=12,DATEDIF(E53,TODAY(),"M")<12*3),"1年-2年",IF(AND(DATEDIF(E53,TODAY(),"M")<12,DATEDIF(E53,TODAY(),"M")>=7),"7月-12月",IF(AND(DATEDIF(E53,TODAY(),"M")<7,DATEDIF(E53,TODAY(),"M")>=3),"4月-6月",IF(DATEDIF(E53,TODAY(),"M")=0,"月内","1-3月")))))) -> 1-3月 | T53: 庄晨晨 | U53: =SUMIFS(路飞意向数据源!F:F,路飞意向数据源!B:B,A53,路飞意向数据源!C:C,B53,路飞意向数据源!D:D,C53) -> 0
A54: 青岛 | B54: 地推一部 | C54: 杨盛喆 | D54: yangshengzhe02 | E54: 2024-07-01 | F54: =IFERROR(VLOOKUP(C54,路飞话务数据源!D:Q,2,FALSE),0) -> 0 | G54: =IFERROR(VLOOKUP(C54,路飞话务数据源!D:Q,3,FALSE),0) -> 0 | H54: =IFERROR(VLOOKUP(C54,路飞话务数据源!D:Q,4,FALSE),0) -> 0 | I54: =IFERROR(VLOOKUP(C54,路飞话务数据源!D:Q,5,FALSE),0) -> 0 | J54: =IFERROR(VLOOKUP(C54,路飞话务数据源!D:Q,6,FALSE),0) -> 0 | K54: =IFERROR(VLOOKUP(C54,路飞话务数据源!D:Q,7,FALSE),0) -> 0 | L54: =IFERROR(VLOOKUP(C54,路飞话务数据源!D:Q,8,FALSE),0) -> 0 | M54: =IFERROR(VLOOKUP(C54,路飞话务数据源!D:Q,9,FALSE),0) -> 0 | N54: =IFERROR(VLOOKUP(C54,路飞话务数据源!D:Q,10,FALSE),0) -> 0 | O54: =IFERROR(VLOOKUP(C54,路飞话务数据源!D:Q,11,FALSE),0) -> 0 | P54: =IFERROR(VLOOKUP(C54,路飞话务数据源!D:Q,12,FALSE),0) -> 0 | Q54: =IFERROR(VLOOKUP(C54,路飞话务数据源!D:Q,13,FALSE),0) -> 0 | R54: =IF(OR(TODAY()-E54<=7,F54<5),0,1) -> 0 | S54: =IF(DATEDIF(E54,TODAY(),"M")>=12*3,"3年以上",IF(AND(DATEDIF(E54,TODAY(),"M")>=12*2,DATEDIF(E54,TODAY(),"M")<12*3),"2年-3年",IF(AND(DATEDIF(E54,TODAY(),"M")>=12,DATEDIF(E54,TODAY(),"M")<12*3),"1年-2年",IF(AND(DATEDIF(E54,TODAY(),"M")<12,DATEDIF(E54,TODAY(),"M")>=7),"7月-12月",IF(AND(DATEDIF(E54,TODAY(),"M")<7,DATEDIF(E54,TODAY(),"M")>=3),"4月-6月",IF(DATEDIF(E54,TODAY(),"M")=0,"月内","1-3月")))))) -> 1-3月 | T54: 庄晨晨 | U54: =SUMIFS(路飞意向数据源!F:F,路飞意向数据源!B:B,A54,路飞意向数据源!C:C,B54,路飞意向数据源!D:D,C54) -> 0
A55: 青岛 | B55: 地推一部 | C55: 张鸿政 | D55: zhanghongzheng | E55: 2024-07-02 | F55: =IFERROR(VLOOKUP(C55,路飞话务数据源!D:Q,2,FALSE),0) -> 15 | G55: =IFERROR(VLOOKUP(C55,路飞话务数据源!D:Q,3,FALSE),0) -> 8 | H55: =IFERROR(VLOOKUP(C55,路飞话务数据源!D:Q,4,FALSE),0) -> 0.53333333 | I55: =IFERROR(VLOOKUP(C55,路飞话务数据源!D:Q,5,FALSE),0) -> 0 | J55: =IFERROR(VLOOKUP(C55,路飞话务数据源!D:Q,6,FALSE),0) -> 0 | K55: =IFERROR(VLOOKUP(C55,路飞话务数据源!D:Q,7,FALSE),0) -> 0 | L55: =IFERROR(VLOOKUP(C55,路飞话务数据源!D:Q,8,FALSE),0) -> 0 | M55: =IFERROR(VLOOKUP(C55,路飞话务数据源!D:Q,9,FALSE),0) -> 2.0166667 | N55: =IFERROR(VLOOKUP(C55,路飞话务数据源!D:Q,10,FALSE),0) -> 0 | O55: =IFERROR(VLOOKUP(C55,路飞话务数据源!D:Q,11,FALSE),0) -> 0 | P55: =IFERROR(VLOOKUP(C55,路飞话务数据源!D:Q,12,FALSE),0) -> 0 | Q55: =IFERROR(VLOOKUP(C55,路飞话务数据源!D:Q,13,FALSE),0) -> 0 | R55: =IF(OR(TODAY()-E55<=7,F55<5),0,1) -> 1 | S55: =IF(DATEDIF(E55,TODAY(),"M")>=12*3,"3年以上",IF(AND(DATEDIF(E55,TODAY(),"M")>=12*2,DATEDIF(E55,TODAY(),"M")<12*3),"2年-3年",IF(AND(DATEDIF(E55,TODAY(),"M")>=12,DATEDIF(E55,TODAY(),"M")<12*3),"1年-2年",IF(AND(DATEDIF(E55,TODAY(),"M")<12,DATEDIF(E55,TODAY(),"M")>=7),"7月-12月",IF(AND(DATEDIF(E55,TODAY(),"M")<7,DATEDIF(E55,TODAY(),"M")>=3),"4月-6月",IF(DATEDIF(E55,TODAY(),"M")=0,"月内","1-3月")))))) -> 1-3月 | T55: 庄晨晨 | U55: =SUMIFS(路飞意向数据源!F:F,路飞意向数据源!B:B,A55,路飞意向数据源!C:C,B55,路飞意向数据源!D:D,C55) -> 0
A56: 青岛 | B56: 地推一部 | C56: 谭庆宇 | D56: tanqingyu | E56: 2024-07-08 | F56: =IFERROR(VLOOKUP(C56,路飞话务数据源!D:Q,2,FALSE),0) -> 0 | G56: =IFERROR(VLOOKUP(C56,路飞话务数据源!D:Q,3,FALSE),0) -> 0 | H56: =IFERROR(VLOOKUP(C56,路飞话务数据源!D:Q,4,FALSE),0) -> 0 | I56: =IFERROR(VLOOKUP(C56,路飞话务数据源!D:Q,5,FALSE),0) -> 0 | J56: =IFERROR(VLOOKUP(C56,路飞话务数据源!D:Q,6,FALSE),0) -> 0 | K56: =IFERROR(VLOOKUP(C56,路飞话务数据源!D:Q,7,FALSE),0) -> 0 | L56: =IFERROR(VLOOKUP(C56,路飞话务数据源!D:Q,8,FALSE),0) -> 0 | M56: =IFERROR(VLOOKUP(C56,路飞话务数据源!D:Q,9,FALSE),0) -> 0 | N56: =IFERROR(VLOOKUP(C56,路飞话务数据源!D:Q,10,FALSE),0) -> 0 | O56: =IFERROR(VLOOKUP(C56,路飞话务数据源!D:Q,11,FALSE),0) -> 0 | P56: =IFERROR(VLOOKUP(C56,路飞话务数据源!D:Q,12,FALSE),0) -> 0 | Q56: =IFERROR(VLOOKUP(C56,路飞话务数据源!D:Q,13,FALSE),0) -> 0 | R56: =IF(OR(TODAY()-E56<=7,F56<5),0,1) -> 0 | S56: =IF(DATEDIF(E56,TODAY(),"M")>=12*3,"3年以上",IF(AND(DATEDIF(E56,TODAY(),"M")>=12*2,DATEDIF(E56,TODAY(),"M")<12*3),"2年-3年",IF(AND(DATEDIF(E56,TODAY(),"M")>=12,DATEDIF(E56,TODAY(),"M")<12*3),"1年-2年",IF(AND(DATEDIF(E56,TODAY(),"M")<12,DATEDIF(E56,TODAY(),"M")>=7),"7月-12月",IF(AND(DATEDIF(E56,TODAY(),"M")<7,DATEDIF(E56,TODAY(),"M")>=3),"4月-6月",IF(DATEDIF(E56,TODAY(),"M")=0,"月内","1-3月")))))) -> 1-3月 | T56: 庄晨晨 | U56: =SUMIFS(路飞意向数据源!F:F,路飞意向数据源!B:B,A56,路飞意向数据源!C:C,B56,路飞意向数据源!D:D,C56) -> 0
A57: 青岛 | B57: 地推一部 | C57: 徐达 | D57: xuda05 | E57: 2024-07-10 | F57: =IFERROR(VLOOKUP(C57,路飞话务数据源!D:Q,2,FALSE),0) -> 0 | G57: =IFERROR(VLOOKUP(C57,路飞话务数据源!D:Q,3,FALSE),0) -> 0 | H57: =IFERROR(VLOOKUP(C57,路飞话务数据源!D:Q,4,FALSE),0) -> 0 | I57: =IFERROR(VLOOKUP(C57,路飞话务数据源!D:Q,5,FALSE),0) -> 0 | J57: =IFERROR(VLOOKUP(C57,路飞话务数据源!D:Q,6,FALSE),0) -> 0 | K57: =IFERROR(VLOOKUP(C57,路飞话务数据源!D:Q,7,FALSE),0) -> 0 | L57: =IFERROR(VLOOKUP(C57,路飞话务数据源!D:Q,8,FALSE),0) -> 0 | M57: =IFERROR(VLOOKUP(C57,路飞话务数据源!D:Q,9,FALSE),0) -> 0 | N57: =IFERROR(VLOOKUP(C57,路飞话务数据源!D:Q,10,FALSE),0) -> 0 | O57: =IFERROR(VLOOKUP(C57,路飞话务数据源!D:Q,11,FALSE),0) -> 0 | P57: =IFERROR(VLOOKUP(C57,路飞话务数据源!D:Q,12,FALSE),0) -> 0 | Q57: =IFERROR(VLOOKUP(C57,路飞话务数据源!D:Q,13,FALSE),0) -> 0 | R57: =IF(OR(TODAY()-E57<=7,F57<5),0,1) -> 0 | S57: =IF(DATEDIF(E57,TODAY(),"M")>=12*3,"3年以上",IF(AND(DATEDIF(E57,TODAY(),"M")>=12*2,DATEDIF(E57,TODAY(),"M")<12*3),"2年-3年",IF(AND(DATEDIF(E57,TODAY(),"M")>=12,DATEDIF(E57,TODAY(),"M")<12*3),"1年-2年",IF(AND(DATEDIF(E57,TODAY(),"M")<12,DATEDIF(E57,TODAY(),"M")>=7),"7月-12月",IF(AND(DATEDIF(E57,TODAY(),"M")<7,DATEDIF(E57,TODAY(),"M")>=3),"4月-6月",IF(DATEDIF(E57,TODAY(),"M")=0,"月内","1-3月")))))) -> 1-3月 | T57: 庄晨晨 | U57: =SUMIFS(路飞意向数据源!F:F,路飞意向数据源!B:B,A57,路飞意向数据源!C:C,B57,路飞意向数据源!D:D,C57) -> 0
A58: 青岛 | B58: 新签四部 | C58: 杜浩天 | D58: duhaotian02 | E58: 2023-04-03 | F58: =IFERROR(VLOOKUP(C58,路飞话务数据源!D:Q,2,FALSE),0) -> 217 | G58: =IFERROR(VLOOKUP(C58,路飞话务数据源!D:Q,3,FALSE),0) -> 96 | H58: =IFERROR(VLOOKUP(C58,路飞话务数据源!D:Q,4,FALSE),0) -> 0.44239631 | I58: =IFERROR(VLOOKUP(C58,路飞话务数据源!D:Q,5,FALSE),0) -> 38 | J58: =IFERROR(VLOOKUP(C58,路飞话务数据源!D:Q,6,FALSE),0) -> 29 | K58: =IFERROR(VLOOKUP(C58,路飞话务数据源!D:Q,7,FALSE),0) -> 22 | L58: =IFERROR(VLOOKUP(C58,路飞话务数据源!D:Q,8,FALSE),0) -> 3 | M58: =IFERROR(VLOOKUP(C58,路飞话务数据源!D:Q,9,FALSE),0) -> 64.45 | N58: =IFERROR(VLOOKUP(C58,路飞话务数据源!D:Q,10,FALSE),0) -> 0 | O58: =IFERROR(VLOOKUP(C58,路飞话务数据源!D:Q,11,FALSE),0) -> 0 | P58: =IFERROR(VLOOKUP(C58,路飞话务数据源!D:Q,12,FALSE),0) -> 0 | Q58: =IFERROR(VLOOKUP(C58,路飞话务数据源!D:Q,13,FALSE),0) -> 0 | R58: =IF(OR(TODAY()-E58<=7,F58<5),0,1) -> 1 | S58: =IF(DATEDIF(E58,TODAY(),"M")>=12*3,"3年以上",IF(AND(DATEDIF(E58,TODAY(),"M")>=12*2,DATEDIF(E58,TODAY(),"M")<12*3),"2年-3年",IF(AND(DATEDIF(E58,TODAY(),"M")>=12,DATEDIF(E58,TODAY(),"M")<12*3),"1年-2年",IF(AND(DATEDIF(E58,TODAY(),"M")<12,DATEDIF(E58,TODAY(),"M")>=7),"7月-12月",IF(AND(DATEDIF(E58,TODAY(),"M")<7,DATEDIF(E58,TODAY(),"M")>=3),"4月-6月",IF(DATEDIF(E58,TODAY(),"M")=0,"月内","1-3月")))))) -> 1年-2年 | T58: 殷泽鹏 | U58: =SUMIFS(路飞意向数据源!F:F,路飞意向数据源!B:B,A58,路飞意向数据源!C:C,B58,路飞意向数据源!D:D,C58) -> 1
... A69: 杭州 | B69: 新签三部 | C69: 陈华栋 | D69: chenhuadong | E69: 2024-06-21 | F69: =IFERROR(VLOOKUP(C69,路飞话务数据源!D:Q,2,FALSE),0) -> 129 | G69: =IFERROR(VLOOKUP(C69,路飞话务数据源!D:Q,3,FALSE),0) -> 66 | H69: =IFERROR(VLOOKUP(C69,路飞话务数据源!D:Q,4,FALSE),0) -> 0.51162791 | I69: =IFERROR(VLOOKUP(C69,路飞话务数据源!D:Q,5,FALSE),0) -> 33 | J69: =IFERROR(VLOOKUP(C69,路飞话务数据源!D:Q,6,FALSE),0) -> 23 | K69: =IFERROR(VLOOKUP(C69,路飞话务数据源!D:Q,7,FALSE),0) -> 16 | L69: =IFERROR(VLOOKUP(C69,路飞话务数据源!D:Q,8,FALSE),0) -> 2 | M69: =IFERROR(VLOOKUP(C69,路飞话务数据源!D:Q,9,FALSE),0) -> 47.2 | N69: =IFERROR(VLOOKUP(C69,路飞话务数据源!D:Q,10,FALSE),0) -> 1 | O69: =IFERROR(VLOOKUP(C69,路飞话务数据源!D:Q,11,FALSE),0) -> 0 | P69: =IFERROR(VLOOKUP(C69,路飞话务数据源!D:Q,12,FALSE),0) -> 0 | Q69: =IFERROR(VLOOKUP(C69,路飞话务数据源!D:Q,13,FALSE),0) -> 161 | R69: =IF(OR(TODAY()-E69<=7,F69<5),0,1) -> 1 | S69: =IF(DATEDIF(E69,TODAY(),"M")>=12*3,"3年以上",IF(AND(DATEDIF(E69,TODAY(),"M")>=12*2,DATEDIF(E69,TODAY(),"M")<12*3),"2年-3年",IF(AND(DATEDIF(E69,TODAY(),"M")>=12,DATEDIF(E69,TODAY(),"M")<12*3),"1年-2年",IF(AND(DATEDIF(E69,TODAY(),"M")<12,DATEDIF(E69,TODAY(),"M")>=7),"7月-12月",IF(AND(DATEDIF(E69,TODAY(),"M")<7,DATEDIF(E69,TODAY(),"M")>=3),"4月-6月",IF(DATEDIF(E69,TODAY(),"M")=0,"月内","1-3月")))))) -> 1-3月 | T69: 向言康 | U69: =SUMIFS(路飞意向数据源!F:F,路飞意向数据源!B:B,A69,路飞意向数据源!C:C,B69,路飞意向数据源!D:D,C69) -> 1
A70: 杭州 | B70: 新签三部 | C70: 袁婧 | D70: yuanjing15 | E70: 2024-06-21 | F70: =IFERROR(VLOOKUP(C70,路飞话务数据源!D:Q,2,FALSE),0) -> 0 | G70: =IFERROR(VLOOKUP(C70,路飞话务数据源!D:Q,3,FALSE),0) -> 0 | H70: =IFERROR(VLOOKUP(C70,路飞话务数据源!D:Q,4,FALSE),0) -> 0 | I70: =IFERROR(VLOOKUP(C70,路飞话务数据源!D:Q,5,FALSE),0) -> 0 | J70: =IFERROR(VLOOKUP(C70,路飞话务数据源!D:Q,6,FALSE),0) -> 0 | K70: =IFERROR(VLOOKUP(C70,路飞话务数据源!D:Q,7,FALSE),0) -> 0 | L70: =IFERROR(VLOOKUP(C70,路飞话务数据源!D:Q,8,FALSE),0) -> 0 | M70: =IFERROR(VLOOKUP(C70,路飞话务数据源!D:Q,9,FALSE),0) -> 0 | N70: =IFERROR(VLOOKUP(C70,路飞话务数据源!D:Q,10,FALSE),0) -> 0 | O70: =IFERROR(VLOOKUP(C70,路飞话务数据源!D:Q,11,FALSE),0) -> 0 | P70: =IFERROR(VLOOKUP(C70,路飞话务数据源!D:Q,12,FALSE),0) -> 0 | Q70: =IFERROR(VLOOKUP(C70,路飞话务数据源!D:Q,13,FALSE),0) -> 0 | R70: 0 | S70: =IF(DATEDIF(E70,TODAY(),"M")>=12*3,"3年以上",IF(AND(DATEDIF(E70,TODAY(),"M")>=12*2,DATEDIF(E70,TODAY(),"M")<12*3),"2年-3年",IF(AND(DATEDIF(E70,TODAY(),"M")>=12,DATEDIF(E70,TODAY(),"M")<12*3),"1年-2年",IF(AND(DATEDIF(E70,TODAY(),"M")<12,DATEDIF(E70,TODAY(),"M")>=7),"7月-12月",IF(AND(DATEDIF(E70,TODAY(),"M")<7,DATEDIF(E70,TODAY(),"M")>=3),"4月-6月",IF(DATEDIF(E70,TODAY(),"M")=0,"月内","1-3月")))))) -> 1-3月 | T70: 向言康 | U70: =SUMIFS(路飞意向数据源!F:F,路飞意向数据源!B:B,A70,路飞意向数据源!C:C,B70,路飞意向数据源!D:D,C70) -> 0
A71: 杭州 | B71: 新签三部 | C71: 杨静 | D71: yangjing63 | E71: 2024-06-19 | F71: =IFERROR(VLOOKUP(C71,路飞话务数据源!D:Q,2,FALSE),0) -> 292 | G71: =IFERROR(VLOOKUP(C71,路飞话务数据源!D:Q,3,FALSE),0) -> 120 | H71: =IFERROR(VLOOKUP(C71,路飞话务数据源!D:Q,4,FALSE),0) -> 0.4109589 | I71: =IFERROR(VLOOKUP(C71,路飞话务数据源!D:Q,5,FALSE),0) -> 38 | J71: =IFERROR(VLOOKUP(C71,路飞话务数据源!D:Q,6,FALSE),0) -> 28 | K71: =IFERROR(VLOOKUP(C71,路飞话务数据源!D:Q,7,FALSE),0) -> 15 | L71: =IFERROR(VLOOKUP(C71,路飞话务数据源!D:Q,8,FALSE),0) -> 0 | M71: =IFERROR(VLOOKUP(C71,路飞话务数据源!D:Q,9,FALSE),0) -> 59.416667 | N71: =IFERROR(VLOOKUP(C71,路飞话务数据源!D:Q,10,FALSE),0) -> 0 | O71: =IFERROR(VLOOKUP(C71,路飞话务数据源!D:Q,11,FALSE),0) -> 0 | P71: =IFERROR(VLOOKUP(C71,路飞话务数据源!D:Q,12,FALSE),0) -> 0 | Q71: =IFERROR(VLOOKUP(C71,路飞话务数据源!D:Q,13,FALSE),0) -> 0 | R71: =IF(OR(TODAY()-E71<=7,F71<5),0,1) -> 1 | S71: =IF(DATEDIF(E71,TODAY(),"M")>=12*3,"3年以上",IF(AND(DATEDIF(E71,TODAY(),"M")>=12*2,DATEDIF(E71,TODAY(),"M")<12*3),"2年-3年",IF(AND(DATEDIF(E71,TODAY(),"M")>=12,DATEDIF(E71,TODAY(),"M")<12*3),"1年-2年",IF(AND(DATEDIF(E71,TODAY(),"M")<12,DATEDIF(E71,TODAY(),"M")>=7),"7月-12月",IF(AND(DATEDIF(E71,TODAY(),"M")<7,DATEDIF(E71,TODAY(),"M")>=3),"4月-6月",IF(DATEDIF(E71,TODAY(),"M")=0,"月内","1-3月")))))) -> 1-3月 | T71: 向言康 | U71: =SUMIFS(路飞意向数据源!F:F,路飞意向数据源!B:B,A71,路飞意向数据源!C:C,B71,路飞意向数据源!D:D,C71) -> 0
A72: 杭州 | B72: 新签三部 | C72: 段兴岩 | D72: duanxingyan | E72: 2024-06-19 | F72: =IFERROR(VLOOKUP(C72,路飞话务数据源!D:Q,2,FALSE),0) -> 280 | G72: =IFERROR(VLOOKUP(C72,路飞话务数据源!D:Q,3,FALSE),0) -> 138 | H72: =IFERROR(VLOOKUP(C72,路飞话务数据源!D:Q,4,FALSE),0) -> 0.49285714 | I72: =IFERROR(VLOOKUP(C72,路飞话务数据源!D:Q,5,FALSE),0) -> 50 | J72: =IFERROR(VLOOKUP(C72,路飞话务数据源!D:Q,6,FALSE),0) -> 35 | K72: =IFERROR(VLOOKUP(C72,路飞话务数据源!D:Q,7,FALSE),0) -> 18 | L72: =IFERROR(VLOOKUP(C72,路飞话务数据源!D:Q,8,FALSE),0) -> 0 | M72: =IFERROR(VLOOKUP(C72,路飞话务数据源!D:Q,9,FALSE),0) -> 68.816667 | N72: =IFERROR(VLOOKUP(C72,路飞话务数据源!D:Q,10,FALSE),0) -> 0 | O72: =IFERROR(VLOOKUP(C72,路飞话务数据源!D:Q,11,FALSE),0) -> 0 | P72: =IFERROR(VLOOKUP(C72,路飞话务数据源!D:Q,12,FALSE),0) -> 0 | Q72: =IFERROR(VLOOKUP(C72,路飞话务数据源!D:Q,13,FALSE),0) -> 0 | R72: =IF(OR(TODAY()-E72<=7,F72<5),0,1) -> 1 | S72: =IF(DATEDIF(E72,TODAY(),"M")>=12*3,"3年以上",IF(AND(DATEDIF(E72,TODAY(),"M")>=12*2,DATEDIF(E72,TODAY(),"M")<12*3),"2年-3年",IF(AND(DATEDIF(E72,TODAY(),"M")>=12,DATEDIF(E72,TODAY(),"M")<12*3),"1年-2年",IF(AND(DATEDIF(E72,TODAY(),"M")<12,DATEDIF(E72,TODAY(),"M")>=7),"7月-12月",IF(AND(DATEDIF(E72,TODAY(),"M")<7,DATEDIF(E72,TODAY(),"M")>=3),"4月-6月",IF(DATEDIF(E72,TODAY(),"M")=0,"月内","1-3月")))))) -> 1-3月 | T72: 向言康 | U72: =SUMIFS(路飞意向数据源!F:F,路飞意向数据源!B:B,A72,路飞意向数据源!C:C,B72,路飞意向数据源!D:D,C72) -> 0
A73: 杭州 | B73: 新签三部 | C73: 郑海珍 | D73: zhenghaizhen | E73: 2023-06-13 | F73: =IFERROR(VLOOKUP(C73,路飞话务数据源!D:Q,2,FALSE),0) -> 178 | G73: =IFERROR(VLOOKUP(C73,路飞话务数据源!D:Q,3,FALSE),0) -> 89 | H73: =IFERROR(VLOOKUP(C73,路飞话务数据源!D:Q,4,FALSE),0) -> 0.5 | I73: =IFERROR(VLOOKUP(C73,路飞话务数据源!D:Q,5,FALSE),0) -> 45 | J73: =IFERROR(VLOOKUP(C73,路飞话务数据源!D:Q,6,FALSE),0) -> 37 | K73: =IFERROR(VLOOKUP(C73,路飞话务数据源!D:Q,7,FALSE),0) -> 24 | L73: =IFERROR(VLOOKUP(C73,路飞话务数据源!D:Q,8,FALSE),0) -> 1 | M73: =IFERROR(VLOOKUP(C73,路飞话务数据源!D:Q,9,FALSE),0) -> 63.983333 | N73: =IFERROR(VLOOKUP(C73,路飞话务数据源!D:Q,10,FALSE),0) -> 0 | O73: =IFERROR(VLOOKUP(C73,路飞话务数据源!D:Q,11,FALSE),0) -> 0 | P73: =IFERROR(VLOOKUP(C73,路飞话务数据源!D:Q,12,FALSE),0) -> 0 | Q73: =IFERROR(VLOOKUP(C73,路飞话务数据源!D:Q,13,FALSE),0) -> 0 | R73: =IF(OR(TODAY()-E73<=7,F73<5),0,1) -> 1 | S73: =IF(DATEDIF(E73,TODAY(),"M")>=12*3,"3年以上",IF(AND(DATEDIF(E73,TODAY(),"M")>=12*2,DATEDIF(E73,TODAY(),"M")<12*3),"2年-3年",IF(AND(DATEDIF(E73,TODAY(),"M")>=12,DATEDIF(E73,TODAY(),"M")<12*3),"1年-2年",IF(AND(DATEDIF(E73,TODAY(),"M")<12,DATEDIF(E73,TODAY(),"M")>=7),"7月-12月",IF(AND(DATEDIF(E73,TODAY(),"M")<7,DATEDIF(E73,TODAY(),"M")>=3),"4月-6月",IF(DATEDIF(E73,TODAY(),"M")=0,"月内","1-3月")))))) -> 1年-2年 | T73: 向言康 | U73: =SUMIFS(路飞意向数据源!F:F,路飞意向数据源!B:B,A73,路飞意向数据源!C:C,B73,路飞意向数据源!D:D,C73) -> 1
A74: 杭州 | B74: 新签三部 | C74: 陈运峰 | D74: chenyunfeng03 | E74: 2023-12-15 | F74: =IFERROR(VLOOKUP(C74,路飞话务数据源!D:Q,2,FALSE),0) -> 226 | G74: =IFERROR(VLOOKUP(C74,路飞话务数据源!D:Q,3,FALSE),0) -> 115 | H74: =IFERROR(VLOOKUP(C74,路飞话务数据源!D:Q,4,FALSE),0) -> 0.50884956 | I74: =IFERROR(VLOOKUP(C74,路飞话务数据源!D:Q,5,FALSE),0) -> 41 | J74: =IFERROR(VLOOKUP(C74,路飞话务数据源!D:Q,6,FALSE),0) -> 33 | K74: =IFERROR(VLOOKUP(C74,路飞话务数据源!D:Q,7,FALSE),0) -> 18 | L74: =IFERROR(VLOOKUP(C74,路飞话务数据源!D:Q,8,FALSE),0) -> 2 | M74: =IFERROR(VLOOKUP(C74,路飞话务数据源!D:Q,9,FALSE),0) -> 67.966667 | N74: =IFERROR(VLOOKUP(C74,路飞话务数据源!D:Q,10,FALSE),0) -> 0 | O74: =IFERROR(VLOOKUP(C74,路飞话务数据源!D:Q,11,FALSE),0) -> 0 | P74: =IFERROR(VLOOKUP(C74,路飞话务数据源!D:Q,12,FALSE),0) -> 0 | Q74: =IFERROR(VLOOKUP(C74,路飞话务数据源!D:Q,13,FALSE),0) -> 0 | R74: =IF(OR(TODAY()-E74<=7,F74<5),0,1) -> 1 | S74: =IF(DATEDIF(E74,TODAY(),"M")>=12*3,"3年以上",IF(AND(DATEDIF(E74,TODAY(),"M")>=12*2,DATEDIF(E74,TODAY(),"M")<12*3),"2年-3年",IF(AND(DATEDIF(E74,TODAY(),"M")>=12,DATEDIF(E74,TODAY(),"M")<12*3),"1年-2年",IF(AND(DATEDIF(E74,TODAY(),"M")<12,DATEDIF(E74,TODAY(),"M")>=7),"7月-12月",IF(AND(DATEDIF(E74,TODAY(),"M")<7,DATEDIF(E74,TODAY(),"M")>=3),"4月-6月",IF(DATEDIF(E74,TODAY(),"M")=0,"月内","1-3月")))))) -> 7月-12月 | T74: 向言康 | U74: =SUMIFS(路飞意向数据源!F:F,路飞意向数据源!B:B,A74,路飞意向数据源!C:C,B74,路飞意向数据源!D:D,C74) -> 1
A75: 杭州 | B75: 新签三部 | C75: 许博涵 | D75: xubohan | E75: 2023-08-07 | F75: =IFERROR(VLOOKUP(C75,路飞话务数据源!D:Q,2,FALSE),0) -> 133 | G75: =IFERROR(VLOOKUP(C75,路飞话务数据源!D:Q,3,FALSE),0) -> 55 | H75: =IFERROR(VLOOKUP(C75,路飞话务数据源!D:Q,4,FALSE),0) -> 0.41353383 | I75: =IFERROR(VLOOKUP(C75,路飞话务数据源!D:Q,5,FALSE),0) -> 19 | J75: =IFERROR(VLOOKUP(C75,路飞话务数据源!D:Q,6,FALSE),0) -> 15 | K75: =IFERROR(VLOOKUP(C75,路飞话务数据源!D:Q,7,FALSE),0) -> 8 | L75: =IFERROR(VLOOKUP(C75,路飞话务数据源!D:Q,8,FALSE),0) -> 3 | M75: =IFERROR(VLOOKUP(C75,路飞话务数据源!D:Q,9,FALSE),0) -> 42 | N75: =IFERROR(VLOOKUP(C75,路飞话务数据源!D:Q,10,FALSE),0) -> 0 | O75: =IFERROR(VLOOKUP(C75,路飞话务数据源!D:Q,11,FALSE),0) -> 0 | P75: =IFERROR(VLOOKUP(C75,路飞话务数据源!D:Q,12,FALSE),0) -> 0 | Q75: =IFERROR(VLOOKUP(C75,路飞话务数据源!D:Q,13,FALSE),0) -> 0 | R75: =IF(OR(TODAY()-E75<=7,F75<5),0,1) -> 1 | S75: =IF(DATEDIF(E75,TODAY(),"M")>=12*3,"3年以上",IF(AND(DATEDIF(E75,TODAY(),"M")>=12*2,DATEDIF(E75,TODAY(),"M")<12*3),"2年-3年",IF(AND(DATEDIF(E75,TODAY(),"M")>=12,DATEDIF(E75,TODAY(),"M")<12*3),"1年-2年",IF(AND(DATEDIF(E75,TODAY(),"M")<12,DATEDIF(E75,TODAY(),"M")>=7),"7月-12月",IF(AND(DATEDIF(E75,TODAY(),"M")<7,DATEDIF(E75,TODAY(),"M")>=3),"4月-6月",IF(DATEDIF(E75,TODAY(),"M")=0,"月内","1-3月")))))) -> 1年-2年 | T75: 向言康 | U75: =SUMIFS(路飞意向数据源!F:F,路飞意向数据源!B:B,A75,路飞意向数据源!C:C,B75,路飞意向数据源!D:D,C75) -> 1
A76: 青岛 | B76: 物流行业一部 | C76: 张洁 | D76: zhangjie45 | E76: 2018-02-27 | F76: =IFERROR(VLOOKUP(C76,路飞话务数据源!D:Q,2,FALSE),0) -> 0 | G76: =IFERROR(VLOOKUP(C76,路飞话务数据源!D:Q,3,FALSE),0) -> 0 | H76: =IFERROR(VLOOKUP(C76,路飞话务数据源!D:Q,4,FALSE),0) -> 0 | I76: =IFERROR(VLOOKUP(C76,路飞话务数据源!D:Q,5,FALSE),0) -> 0 | J76: =IFERROR(VLOOKUP(C76,路飞话务数据源!D:Q,6,FALSE),0) -> 0 | K76: =IFERROR(VLOOKUP(C76,路飞话务数据源!D:Q,7,FALSE),0) -> 0 | L76: =IFERROR(VLOOKUP(C76,路飞话务数据源!D:Q,8,FALSE),0) -> 0 | M76: =IFERROR(VLOOKUP(C76,路飞话务数据源!D:Q,9,FALSE),0) -> 0 | N76: =IFERROR(VLOOKUP(C76,路飞话务数据源!D:Q,10,FALSE),0) -> 0 | O76: =IFERROR(VLOOKUP(C76,路飞话务数据源!D:Q,11,FALSE),0) -> 0 | P76: =IFERROR(VLOOKUP(C76,路飞话务数据源!D:Q,12,FALSE),0) -> 0 | Q76: =IFERROR(VLOOKUP(C76,路飞话务数据源!D:Q,13,FALSE),0) -> 0 | R76: =IF(OR(TODAY()-E76<=7,F76<5),0,1) -> 0 | S76: =IF(DATEDIF(E76,TODAY(),"M")>=12*3,"3年以上",IF(AND(DATEDIF(E76,TODAY(),"M")>=12*2,DATEDIF(E76,TODAY(),"M")<12*3),"2年-3年",IF(AND(DATEDIF(E76,TODAY(),"M")>=12,DATEDIF(E76,TODAY(),"M")<12*3),"1年-2年",IF(AND(DATEDIF(E76,TODAY(),"M")<12,DATEDIF(E76,TODAY(),"M")>=7),"7月-12月",IF(AND(DATEDIF(E76,TODAY(),"M")<7,DATEDIF(E76,TODAY(),"M")>=3),"4月-6月",IF(DATEDIF(E76,TODAY(),"M")=0,"月内","1-3月")))))) -> 3年以上 | T76: 宋正志 | U76: =SUMIFS(路飞意向数据源!F:F,路飞意向数据源!B:B,A76,路飞意向数据源!C:C,B76,路飞意向数据源!D:D,C76) -> 0
A77: 青岛 | B77: 物流行业一部 | C77: 钱明明 | D77: qianmingming | E77: 2018-03-22 | F77: =IFERROR(VLOOKUP(C77,路飞话务数据源!D:Q,2,FALSE),0) -> 0 | G77: =IFERROR(VLOOKUP(C77,路飞话务数据源!D:Q,3,FALSE),0) -> 0 | H77: =IFERROR(VLOOKUP(C77,路飞话务数据源!D:Q,4,FALSE),0) -> 0 | I77: =IFERROR(VLOOKUP(C77,路飞话务数据源!D:Q,5,FALSE),0) -> 0 | J77: =IFERROR(VLOOKUP(C77,路飞话务数据源!D:Q,6,FALSE),0) -> 0 | K77: =IFERROR(VLOOKUP(C77,路飞话务数据源!D:Q,7,FALSE),0) -> 0 | L77: =IFERROR(VLOOKUP(C77,路飞话务数据源!D:Q,8,FALSE),0) -> 0 | M77: =IFERROR(VLOOKUP(C77,路飞话务数据源!D:Q,9,FALSE),0) -> 0 | N77: =IFERROR(VLOOKUP(C77,路飞话务数据源!D:Q,10,FALSE),0) -> 0 | O77: =IFERROR(VLOOKUP(C77,路飞话务数据源!D:Q,11,FALSE),0) -> 0 | P77: =IFERROR(VLOOKUP(C77,路飞话务数据源!D:Q,12,FALSE),0) -> 0 | Q77: =IFERROR(VLOOKUP(C77,路飞话务数据源!D:Q,13,FALSE),0) -> 0 | R77: =IF(OR(TODAY()-E77<=7,F77<5),0,1) -> 0 | S77: =IF(DATEDIF(E77,TODAY(),"M")>=12*3,"3年以上",IF(AND(DATEDIF(E77,TODAY(),"M")>=12*2,DATEDIF(E77,TODAY(),"M")<12*3),"2年-3年",IF(AND(DATEDIF(E77,TODAY(),"M")>=12,DATEDIF(E77,TODAY(),"M")<12*3),"1年-2年",IF(AND(DATEDIF(E77,TODAY(),"M")<12,DATEDIF(E77,TODAY(),"M")>=7),"7月-12月",IF(AND(DATEDIF(E77,TODAY(),"M")<7,DATEDIF(E77,TODAY(),"M")>=3),"4月-6月",IF(DATEDIF(E77,TODAY(),"M")=0,"月内","1-3月")))))) -> 3年以上 | T77: 宋正志 | U77: =SUMIFS(路飞意向数据源!F:F,路飞意向数据源!B:B,A77,路飞意向数据源!C:C,B77,路飞意向数据源!D:D,C77) -> 0
A78: 青岛 | B78: 物流行业一部 | C78: 徐浩栋 | D78: xuhaodong | E78: 2018-11-12 | F78: =IFERROR(VLOOKUP(C78,路飞话务数据源!D:Q,2,FALSE),0) -> 1 | G78: =IFERROR(VLOOKUP(C78,路飞话务数据源!D:Q,3,FALSE),0) -> 0 | H78: =IFERROR(VLOOKUP(C78,路飞话务数据源!D:Q,4,FALSE),0) -> 0 | I78: =IFERROR(VLOOKUP(C78,路飞话务数据源!D:Q,5,FALSE),0) -> 0 | J78: =IFERROR(VLOOKUP(C78,路飞话务数据源!D:Q,6,FALSE),0) -> 0 | K78: =IFERROR(VLOOKUP(C78,路飞话务数据源!D:Q,7,FALSE),0) -> 0 | L78: =IFERROR(VLOOKUP(C78,路飞话务数据源!D:Q,8,FALSE),0) -> 0 | M78: =IFERROR(VLOOKUP(C78,路飞话务数据源!D:Q,9,FALSE),0) -> 0 | N78: =IFERROR(VLOOKUP(C78,路飞话务数据源!D:Q,10,FALSE),0) -> 0 | O78: =IFERROR(VLOOKUP(C78,路飞话务数据源!D:Q,11,FALSE),0) -> 0 | P78: =IFERROR(VLOOKUP(C78,路飞话务数据源!D:Q,12,FALSE),0) -> 0 | Q78: =IFERROR(VLOOKUP(C78,路飞话务数据源!D:Q,13,FALSE),0) -> 0 | R78: =IF(OR(TODAY()-E78<=7,F78<5),0,1) -> 0 | S78: =IF(DATEDIF(E78,TODAY(),"M")>=12*3,"3年以上",IF(AND(DATEDIF(E78,TODAY(),"M")>=12*2,DATEDIF(E78,TODAY(),"M")<12*3),"2年-3年",IF(AND(DATEDIF(E78,TODAY(),"M")>=12,DATEDIF(E78,TODAY(),"M")<12*3),"1年-2年",IF(AND(DATEDIF(E78,TODAY(),"M")<12,DATEDIF(E78,TODAY(),"M")>=7),"7月-12月",IF(AND(DATEDIF(E78,TODAY(),"M")<7,DATEDIF(E78,TODAY(),"M")>=3),"4月-6月",IF(DATEDIF(E78,TODAY(),"M")=0,"月内","1-3月")))))) -> 3年以上 | T78: 宋正志 | U78: =SUMIFS(路飞意向数据源!F:F,路飞意向数据源!B:B,A78,路飞意向数据源!C:C,B78,路飞意向数据源!D:D,C78) -> 1
A79: 青岛 | B79: 物流行业一部 | C79: 宋任方也 | D79: songrenfangye | E79: 2024-07-05 | F79: =IFERROR(VLOOKUP(C79,路飞话务数据源!D:Q,2,FALSE),0) -> 0 | G79: =IFERROR(VLOOKUP(C79,路飞话务数据源!D:Q,3,FALSE),0) -> 0 | H79: =IFERROR(VLOOKUP(C79,路飞话务数据源!D:Q,4,FALSE),0) -> 0 | I79: =IFERROR(VLOOKUP(C79,路飞话务数据源!D:Q,5,FALSE),0) -> 0 | J79: =IFERROR(VLOOKUP(C79,路飞话务数据源!D:Q,6,FALSE),0) -> 0 | K79: =IFERROR(VLOOKUP(C79,路飞话务数据源!D:Q,7,FALSE),0) -> 0 | L79: =IFERROR(VLOOKUP(C79,路飞话务数据源!D:Q,8,FALSE),0) -> 0 | M79: =IFERROR(VLOOKUP(C79,路飞话务数据源!D:Q,9,FALSE),0) -> 0 | N79: =IFERROR(VLOOKUP(C79,路飞话务数据源!D:Q,10,FALSE),0) -> 0 | O79: =IFERROR(VLOOKUP(C79,路飞话务数据源!D:Q,11,FALSE),0) -> 0 | P79: =IFERROR(VLOOKUP(C79,路飞话务数据源!D:Q,12,FALSE),0) -> 0 | Q79: =IFERROR(VLOOKUP(C79,路飞话务数据源!D:Q,13,FALSE),0) -> 0 | R79: =IF(OR(TODAY()-E79<=7,F79<5),0,1) -> 0 | S79: =IF(DATEDIF(E79,TODAY(),"M")>=12*3,"3年以上",IF(AND(DATEDIF(E79,TODAY(),"M")>=12*2,DATEDIF(E79,TODAY(),"M")<12*3),"2年-3年",IF(AND(DATEDIF(E79,TODAY(),"M")>=12,DATEDIF(E79,TODAY(),"M")<12*3),"1年-2年",IF(AND(DATEDIF(E79,TODAY(),"M")<12,DATEDIF(E79,TODAY(),"M")>=7),"7月-12月",IF(AND(DATEDIF(E79,TODAY(),"M")<7,DATEDIF(E79,TODAY(),"M")>=3),"4月-6月",IF(DATEDIF(E79,TODAY(),"M")=0,"月内","1-3月")))))) -> 1-3月 | T79: 宋正志 | U79: =SUMIFS(路飞意向数据源!F:F,路飞意向数据源!B:B,A79,路飞意向数据源!C:C,B79,路飞意向数据源!D:D,C79) -> 0
A80: 青岛 | B80: 物流行业一部 | C80: 胡凡迪 | D80: hufandi | E80: 2022-01-21 | F80: =IFERROR(VLOOKUP(C80,路飞话务数据源!D:Q,2,FALSE),0) -> 32 | G80: =IFERROR(VLOOKUP(C80,路飞话务数据源!D:Q,3,FALSE),0) -> 10 | H80: =IFERROR(VLOOKUP(C80,路飞话务数据源!D:Q,4,FALSE),0) -> 0.3125 | I80: =IFERROR(VLOOKUP(C80,路飞话务数据源!D:Q,5,FALSE),0) -> 3 | J80: =IFERROR(VLOOKUP(C80,路飞话务数据源!D:Q,6,FALSE),0) -> 1 | K80: =IFERROR(VLOOKUP(C80,路飞话务数据源!D:Q,7,FALSE),0) -> 0 | L80: =IFERROR(VLOOKUP(C80,路飞话务数据源!D:Q,8,FALSE),0) -> 0 | M80: =IFERROR(VLOOKUP(C80,路飞话务数据源!D:Q,9,FALSE),0) -> 3.8 | N80: =IFERROR(VLOOKUP(C80,路飞话务数据源!D:Q,10,FALSE),0) -> 0 | O80: =IFERROR(VLOOKUP(C80,路飞话务数据源!D:Q,11,FALSE),0) -> 0 | P80: =IFERROR(VLOOKUP(C80,路飞话务数据源!D:Q,12,FALSE),0) -> 0 | Q80: =IFERROR(VLOOKUP(C80,路飞话务数据源!D:Q,13,FALSE),0) -> 0 | R80: =IF(OR(TODAY()-E80<=7,F80<5),0,1) -> 1 | S80: =IF(DATEDIF(E80,TODAY(),"M")>=12*3,"3年以上",IF(AND(DATEDIF(E80,TODAY(),"M")>=12*2,DATEDIF(E80,TODAY(),"M")<12*3),"2年-3年",IF(AND(DATEDIF(E80,TODAY(),"M")>=12,DATEDIF(E80,TODAY(),"M")<12*3),"1年-2年",IF(AND(DATEDIF(E80,TODAY(),"M")<12,DATEDIF(E80,TODAY(),"M")>=7),"7月-12月",IF(AND(DATEDIF(E80,TODAY(),"M")<7,DATEDIF(E80,TODAY(),"M")>=3),"4月-6月",IF(DATEDIF(E80,TODAY(),"M")=0,"月内","1-3月")))))) -> 2年-3年 | T80: 宋正志 | U80: =SUMIFS(路飞意向数据源!F:F,路飞意向数据源!B:B,A80,路飞意向数据源!C:C,B80,路飞意向数据源!D:D,C80) -> 0
A81: 青岛 | B81: 新签一部 | C81: 刘帅帅 | D81: liushuaishuai02 | E81: 2023-09-20 | F81: =IFERROR(VLOOKUP(C81,路飞话务数据源!D:Q,2,FALSE),0) -> 28 | G81: =IFERROR(VLOOKUP(C81,路飞话务数据源!D:Q,3,FALSE),0) -> 13 | H81: =IFERROR(VLOOKUP(C81,路飞话务数据源!D:Q,4,FALSE),0) -> 0.46428571 | I81: =IFERROR(VLOOKUP(C81,路飞话务数据源!D:Q,5,FALSE),0) -> 7 | J81: =IFERROR(VLOOKUP(C81,路飞话务数据源!D:Q,6,FALSE),0) -> 7 | K81: =IFERROR(VLOOKUP(C81,路飞话务数据源!D:Q,7,FALSE),0) -> 4 | L81: =IFERROR(VLOOKUP(C81,路飞话务数据源!D:Q,8,FALSE),0) -> 0 | M81: =IFERROR(VLOOKUP(C81,路飞话务数据源!D:Q,9,FALSE),0) -> 10.533333 | N81: =IFERROR(VLOOKUP(C81,路飞话务数据源!D:Q,10,FALSE),0) -> 0 | O81: =IFERROR(VLOOKUP(C81,路飞话务数据源!D:Q,11,FALSE),0) -> 0 | P81: =IFERROR(VLOOKUP(C81,路飞话务数据源!D:Q,12,FALSE),0) -> 0 | Q81: =IFERROR(VLOOKUP(C81,路飞话务数据源!D:Q,13,FALSE),0) -> 0 | R81: =IF(OR(TODAY()-E81<=7,F81<5),0,1) -> 1 | S81: =IF(DATEDIF(E81,TODAY(),"M")>=12*3,"3年以上",IF(AND(DATEDIF(E81,TODAY(),"M")>=12*2,DATEDIF(E81,TODAY(),"M")<12*3),"2年-3年",IF(AND(DATEDIF(E81,TODAY(),"M")>=12,DATEDIF(E81,TODAY(),"M")<12*3),"1年-2年",IF(AND(DATEDIF(E81,TODAY(),"M")<12,DATEDIF(E81,TODAY(),"M")>=7),"7月-12月",IF(AND(DATEDIF(E81,TODAY(),"M")<7,DATEDIF(E81,TODAY(),"M")>=3),"4月-6月",IF(DATEDIF(E81,TODAY(),"M")=0,"月内","1-3月")))))) -> 7月-12月 | T81: 张钧凯 | U81: =SUMIFS(路飞意向数据源!F:F,路飞意向数据源!B:B,A81,路飞意向数据源!C:C,B81,路飞意向数据源!D:D,C81) -> 0
A82: 青岛 | B82: 新签一部 | C82: 杨家豪 | D82: yangjiahao03 | E82: 2023-11-15 | F82: =IFERROR(VLOOKUP(C82,路飞话务数据源!D:Q,2,FALSE),0) -> 7 | G82: =IFERROR(VLOOKUP(C82,路飞话务数据源!D:Q,3,FALSE),0) -> 2 | H82: =IFERROR(VLOOKUP(C82,路飞话务数据源!D:Q,4,FALSE),0) -> 0.28571429 | I82: =IFERROR(VLOOKUP(C82,路飞话务数据源!D:Q,5,FALSE),0) -> 2 | J82: =IFERROR(VLOOKUP(C82,路飞话务数据源!D:Q,6,FALSE),0) -> 2 | K82: =IFERROR(VLOOKUP(C82,路飞话务数据源!D:Q,7,FALSE),0) -> 2 | L82: =IFERROR(VLOOKUP(C82,路飞话务数据源!D:Q,8,FALSE),0) -> 2 | M82: =IFERROR(VLOOKUP(C82,路飞话务数据源!D:Q,9,FALSE),0) -> 11.416667 | N82: =IFERROR(VLOOKUP(C82,路飞话务数据源!D:Q,10,FALSE),0) -> 0 | O82: =IFERROR(VLOOKUP(C82,路飞话务数据源!D:Q,11,FALSE),0) -> 0 | P82: =IFERROR(VLOOKUP(C82,路飞话务数据源!D:Q,12,FALSE),0) -> 0 | Q82: =IFERROR(VLOOKUP(C82,路飞话务数据源!D:Q,13,FALSE),0) -> 0 | R82: =IF(OR(TODAY()-E82<=7,F82<5),0,1) -> 1 | S82: =IF(DATEDIF(E82,TODAY(),"M")>=12*3,"3年以上",IF(AND(DATEDIF(E82,TODAY(),"M")>=12*2,DATEDIF(E82,TODAY(),"M")<12*3),"2年-3年",IF(AND(DATEDIF(E82,TODAY(),"M")>=12,DATEDIF(E82,TODAY(),"M")<12*3),"1年-2年",IF(AND(DATEDIF(E82,TODAY(),"M")<12,DATEDIF(E82,TODAY(),"M")>=7),"7月-12月",IF(AND(DATEDIF(E82,TODAY(),"M")<7,DATEDIF(E82,TODAY(),"M")>=3),"4月-6月",IF(DATEDIF(E82,TODAY(),"M")=0,"月内","1-3月")))))) -> 7月-12月 | T82: 张钧凯 | U82: =SUMIFS(路飞意向数据源!F:F,路飞意向数据源!B:B,A82,路飞意向数据源!C:C,B82,路飞意向数据源!D:D,C82) -> 1
... A121: 济南 | B121: 物流行业一部 | C121: 刘慧敏 | D121: liuhuimin05 | E121: 2021-04-16 | F121: =IFERROR(VLOOKUP(C121,路飞话务数据源!D:Q,2,FALSE),0) -> 3 | G121: =IFERROR(VLOOKUP(C121,路飞话务数据源!D:Q,3,FALSE),0) -> 0 | H121: =IFERROR(VLOOKUP(C121,路飞话务数据源!D:Q,4,FALSE),0) -> 0 | I121: =IFERROR(VLOOKUP(C121,路飞话务数据源!D:Q,5,FALSE),0) -> 0 | J121: =IFERROR(VLOOKUP(C121,路飞话务数据源!D:Q,6,FALSE),0) -> 0 | K121: =IFERROR(VLOOKUP(C121,路飞话务数据源!D:Q,7,FALSE),0) -> 0 | L121: =IFERROR(VLOOKUP(C121,路飞话务数据源!D:Q,8,FALSE),0) -> 0 | M121: =IFERROR(VLOOKUP(C121,路飞话务数据源!D:Q,9,FALSE),0) -> 0 | N121: =IFERROR(VLOOKUP(C121,路飞话务数据源!D:Q,10,FALSE),0) -> 0 | O121: =IFERROR(VLOOKUP(C121,路飞话务数据源!D:Q,11,FALSE),0) -> 0 | P121: =IFERROR(VLOOKUP(C121,路飞话务数据源!D:Q,12,FALSE),0) -> 0 | Q121: =IFERROR(VLOOKUP(C121,路飞话务数据源!D:Q,13,FALSE),0) -> 0 | R121: =IF(OR(TODAY()-E121<=7,F121<5),0,1) -> 0 | S121: =IF(DATEDIF(E121,TODAY(),"M")>=12*3,"3年以上",IF(AND(DATEDIF(E121,TODAY(),"M")>=12*2,DATEDIF(E121,TODAY(),"M")<12*3),"2年-3年",IF(AND(DATEDIF(E121,TODAY(),"M")>=12,DATEDIF(E121,TODAY(),"M")<12*3),"1年-2年",IF(AND(DATEDIF(E121,TODAY(),"M")<12,DATEDIF(E121,TODAY(),"M")>=7),"7月-12月",IF(AND(DATEDIF(E121,TODAY(),"M")<7,DATEDIF(E121,TODAY(),"M")>=3),"4月-6月",IF(DATEDIF(E121,TODAY(),"M")=0,"月内","1-3月")))))) -> 3年以上 | T121: 岳仁苏 | U121: =SUMIFS(路飞意向数据源!F:F,路飞意向数据源!B:B,A121,路飞意向数据源!C:C,B121,路飞意向数据源!D:D,C121) -> 0
A122: 济南 | B122: 新签三部 | C122: 李昌其 | D122: lichangqi01 | E122: 2024-08-26 | F122: =IFERROR(VLOOKUP(C122,路飞话务数据源!D:Q,2,FALSE),0) -> 193 | G122: =IFERROR(VLOOKUP(C122,路飞话务数据源!D:Q,3,FALSE),0) -> 82 | H122: =IFERROR(VLOOKUP(C122,路飞话务数据源!D:Q,4,FALSE),0) -> 0.42487047 | I122: =IFERROR(VLOOKUP(C122,路飞话务数据源!D:Q,5,FALSE),0) -> 37 | J122: =IFERROR(VLOOKUP(C122,路飞话务数据源!D:Q,6,FALSE),0) -> 30 | K122: =IFERROR(VLOOKUP(C122,路飞话务数据源!D:Q,7,FALSE),0) -> 15 | L122: =IFERROR(VLOOKUP(C122,路飞话务数据源!D:Q,8,FALSE),0) -> 1 | M122: =IFERROR(VLOOKUP(C122,路飞话务数据源!D:Q,9,FALSE),0) -> 52.383333 | N122: =IFERROR(VLOOKUP(C122,路飞话务数据源!D:Q,10,FALSE),0) -> 0 | O122: =IFERROR(VLOOKUP(C122,路飞话务数据源!D:Q,11,FALSE),0) -> 0 | P122: =IFERROR(VLOOKUP(C122,路飞话务数据源!D:Q,12,FALSE),0) -> 0 | Q122: =IFERROR(VLOOKUP(C122,路飞话务数据源!D:Q,13,FALSE),0) -> 0 | R122: 1 | S122: =IF(DATEDIF(E122,TODAY(),"M")>=12*3,"3年以上",IF(AND(DATEDIF(E122,TODAY(),"M")>=12*2,DATEDIF(E122,TODAY(),"M")<12*3),"2年-3年",IF(AND(DATEDIF(E122,TODAY(),"M")>=12,DATEDIF(E122,TODAY(),"M")<12*3),"1年-2年",IF(AND(DATEDIF(E122,TODAY(),"M")<12,DATEDIF(E122,TODAY(),"M")>=7),"7月-12月",IF(AND(DATEDIF(E122,TODAY(),"M")<7,DATEDIF(E122,TODAY(),"M")>=3),"4月-6月",IF(DATEDIF(E122,TODAY(),"M")=0,"月内","1-3月")))))) -> 月内 | T122: 户桂浩 | U122: =SUMIFS(路飞意向数据源!F:F,路飞意向数据源!B:B,A122,路飞意向数据源!C:C,B122,路飞意向数据源!D:D,C122) -> 0
A123: 济南 | B123: 新签三部 | C123: 孙舒 | D123: sunshu | E123: 2018-07-02 | F123: =IFERROR(VLOOKUP(C123,路飞话务数据源!D:Q,2,FALSE),0) -> 44 | G123: =IFERROR(VLOOKUP(C123,路飞话务数据源!D:Q,3,FALSE),0) -> 25 | H123: =IFERROR(VLOOKUP(C123,路飞话务数据源!D:Q,4,FALSE),0) -> 0.56818182 | I123: =IFERROR(VLOOKUP(C123,路飞话务数据源!D:Q,5,FALSE),0) -> 14 | J123: =IFERROR(VLOOKUP(C123,路飞话务数据源!D:Q,6,FALSE),0) -> 9 | K123: =IFERROR(VLOOKUP(C123,路飞话务数据源!D:Q,7,FALSE),0) -> 5 | L123: =IFERROR(VLOOKUP(C123,路飞话务数据源!D:Q,8,FALSE),0) -> 0 | M123: =IFERROR(VLOOKUP(C123,路飞话务数据源!D:Q,9,FALSE),0) -> 20.766667 | N123: =IFERROR(VLOOKUP(C123,路飞话务数据源!D:Q,10,FALSE),0) -> 0 | O123: =IFERROR(VLOOKUP(C123,路飞话务数据源!D:Q,11,FALSE),0) -> 0 | P123: =IFERROR(VLOOKUP(C123,路飞话务数据源!D:Q,12,FALSE),0) -> 0 | Q123: =IFERROR(VLOOKUP(C123,路飞话务数据源!D:Q,13,FALSE),0) -> 0 | R123: 0 | S123: =IF(DATEDIF(E123,TODAY(),"M")>=12*3,"3年以上",IF(AND(DATEDIF(E123,TODAY(),"M")>=12*2,DATEDIF(E123,TODAY(),"M")<12*3),"2年-3年",IF(AND(DATEDIF(E123,TODAY(),"M")>=12,DATEDIF(E123,TODAY(),"M")<12*3),"1年-2年",IF(AND(DATEDIF(E123,TODAY(),"M")<12,DATEDIF(E123,TODAY(),"M")>=7),"7月-12月",IF(AND(DATEDIF(E123,TODAY(),"M")<7,DATEDIF(E123,TODAY(),"M")>=3),"4月-6月",IF(DATEDIF(E123,TODAY(),"M")=0,"月内","1-3月")))))) -> 3年以上 | T123: 户桂浩 | U123: =SUMIFS(路飞意向数据源!F:F,路飞意向数据源!B:B,A123,路飞意向数据源!C:C,B123,路飞意向数据源!D:D,C123) -> 3
A124: 济南 | B124: 新签三部 | C124: 俞长凯 | D124: yuchangkai | E124: 2024-08-23 | F124: =IFERROR(VLOOKUP(C124,路飞话务数据源!D:Q,2,FALSE),0) -> 293 | G124: =IFERROR(VLOOKUP(C124,路飞话务数据源!D:Q,3,FALSE),0) -> 131 | H124: =IFERROR(VLOOKUP(C124,路飞话务数据源!D:Q,4,FALSE),0) -> 0.44709898 | I124: =IFERROR(VLOOKUP(C124,路飞话务数据源!D:Q,5,FALSE),0) -> 55 | J124: =IFERROR(VLOOKUP(C124,路飞话务数据源!D:Q,6,FALSE),0) -> 36 | K124: =IFERROR(VLOOKUP(C124,路飞话务数据源!D:Q,7,FALSE),0) -> 24 | L124: =IFERROR(VLOOKUP(C124,路飞话务数据源!D:Q,8,FALSE),0) -> 6 | M124: =IFERROR(VLOOKUP(C124,路飞话务数据源!D:Q,9,FALSE),0) -> 95.466667 | N124: =IFERROR(VLOOKUP(C124,路飞话务数据源!D:Q,10,FALSE),0) -> 0 | O124: =IFERROR(VLOOKUP(C124,路飞话务数据源!D:Q,11,FALSE),0) -> 0 | P124: =IFERROR(VLOOKUP(C124,路飞话务数据源!D:Q,12,FALSE),0) -> 0 | Q124: =IFERROR(VLOOKUP(C124,路飞话务数据源!D:Q,13,FALSE),0) -> 0 | R124: 1 | S124: =IF(DATEDIF(E124,TODAY(),"M")>=12*3,"3年以上",IF(AND(DATEDIF(E124,TODAY(),"M")>=12*2,DATEDIF(E124,TODAY(),"M")<12*3),"2年-3年",IF(AND(DATEDIF(E124,TODAY(),"M")>=12,DATEDIF(E124,TODAY(),"M")<12*3),"1年-2年",IF(AND(DATEDIF(E124,TODAY(),"M")<12,DATEDIF(E124,TODAY(),"M")>=7),"7月-12月",IF(AND(DATEDIF(E124,TODAY(),"M")<7,DATEDIF(E124,TODAY(),"M")>=3),"4月-6月",IF(DATEDIF(E124,TODAY(),"M")=0,"月内","1-3月")))))) -> 月内 | T124: 户桂浩 | U124: =SUMIFS(路飞意向数据源!F:F,路飞意向数据源!B:B,A124,路飞意向数据源!C:C,B124,路飞意向数据源!D:D,C124) -> 0
A125: 济南 | B125: 新签三部 | C125: 阚成凯 | D125: kanchengkai | E125: 2024-08-23 | F125: =IFERROR(VLOOKUP(C125,路飞话务数据源!D:Q,2,FALSE),0) -> 267 | G125: =IFERROR(VLOOKUP(C125,路飞话务数据源!D:Q,3,FALSE),0) -> 102 | H125: =IFERROR(VLOOKUP(C125,路飞话务数据源!D:Q,4,FALSE),0) -> 0.38202247 | I125: =IFERROR(VLOOKUP(C125,路飞话务数据源!D:Q,5,FALSE),0) -> 53 | J125: =IFERROR(VLOOKUP(C125,路飞话务数据源!D:Q,6,FALSE),0) -> 25 | K125: =IFERROR(VLOOKUP(C125,路飞话务数据源!D:Q,7,FALSE),0) -> 15 | L125: =IFERROR(VLOOKUP(C125,路飞话务数据源!D:Q,8,FALSE),0) -> 1 | M125: =IFERROR(VLOOKUP(C125,路飞话务数据源!D:Q,9,FALSE),0) -> 62.883333 | N125: =IFERROR(VLOOKUP(C125,路飞话务数据源!D:Q,10,FALSE),0) -> 0 | O125: =IFERROR(VLOOKUP(C125,路飞话务数据源!D:Q,11,FALSE),0) -> 0 | P125: =IFERROR(VLOOKUP(C125,路飞话务数据源!D:Q,12,FALSE),0) -> 0 | Q125: =IFERROR(VLOOKUP(C125,路飞话务数据源!D:Q,13,FALSE),0) -> 0 | R125: 1 | S125: =IF(DATEDIF(E125,TODAY(),"M")>=12*3,"3年以上",IF(AND(DATEDIF(E125,TODAY(),"M")>=12*2,DATEDIF(E125,TODAY(),"M")<12*3),"2年-3年",IF(AND(DATEDIF(E125,TODAY(),"M")>=12,DATEDIF(E125,TODAY(),"M")<12*3),"1年-2年",IF(AND(DATEDIF(E125,TODAY(),"M")<12,DATEDIF(E125,TODAY(),"M")>=7),"7月-12月",IF(AND(DATEDIF(E125,TODAY(),"M")<7,DATEDIF(E125,TODAY(),"M")>=3),"4月-6月",IF(DATEDIF(E125,TODAY(),"M")=0,"月内","1-3月")))))) -> 月内 | T125: 户桂浩 | U125: =SUMIFS(路飞意向数据源!F:F,路飞意向数据源!B:B,A125,路飞意向数据源!C:C,B125,路飞意向数据源!D:D,C125) -> 0
A126: 济南 | B126: 新签三部 | C126: 孙其志 | D126: sunqizhi | E126: 2024-07-22 | F126: =IFERROR(VLOOKUP(C126,路飞话务数据源!D:Q,2,FALSE),0) -> 353 | G126: =IFERROR(VLOOKUP(C126,路飞话务数据源!D:Q,3,FALSE),0) -> 137 | H126: =IFERROR(VLOOKUP(C126,路飞话务数据源!D:Q,4,FALSE),0) -> 0.38810198 | I126: =IFERROR(VLOOKUP(C126,路飞话务数据源!D:Q,5,FALSE),0) -> 54 | J126: =IFERROR(VLOOKUP(C126,路飞话务数据源!D:Q,6,FALSE),0) -> 38 | K126: =IFERROR(VLOOKUP(C126,路飞话务数据源!D:Q,7,FALSE),0) -> 22 | L126: =IFERROR(VLOOKUP(C126,路飞话务数据源!D:Q,8,FALSE),0) -> 0 | M126: =IFERROR(VLOOKUP(C126,路飞话务数据源!D:Q,9,FALSE),0) -> 75.466667 | N126: =IFERROR(VLOOKUP(C126,路飞话务数据源!D:Q,10,FALSE),0) -> 0 | O126: =IFERROR(VLOOKUP(C126,路飞话务数据源!D:Q,11,FALSE),0) -> 0 | P126: =IFERROR(VLOOKUP(C126,路飞话务数据源!D:Q,12,FALSE),0) -> 0 | Q126: =IFERROR(VLOOKUP(C126,路飞话务数据源!D:Q,13,FALSE),0) -> 0 | R126: =IF(OR(TODAY()-E126<=7,F126<5),0,1) -> 1 | S126: =IF(DATEDIF(E126,TODAY(),"M")>=12*3,"3年以上",IF(AND(DATEDIF(E126,TODAY(),"M")>=12*2,DATEDIF(E126,TODAY(),"M")<12*3),"2年-3年",IF(AND(DATEDIF(E126,TODAY(),"M")>=12,DATEDIF(E126,TODAY(),"M")<12*3),"1年-2年",IF(AND(DATEDIF(E126,TODAY(),"M")<12,DATEDIF(E126,TODAY(),"M")>=7),"7月-12月",IF(AND(DATEDIF(E126,TODAY(),"M")<7,DATEDIF(E126,TODAY(),"M")>=3),"4月-6月",IF(DATEDIF(E126,TODAY(),"M")=0,"月内","1-3月")))))) -> 1-3月 | T126: 户桂浩 | U126: =SUMIFS(路飞意向数据源!F:F,路飞意向数据源!B:B,A126,路飞意向数据源!C:C,B126,路飞意向数据源!D:D,C126) -> 0
A127: 济南 | B127: 新签三部 | C127: 张翀昊 | D127: zhangchonghao | E127: 2024-07-08 | F127: =IFERROR(VLOOKUP(C127,路飞话务数据源!D:Q,2,FALSE),0) -> 127 | G127: =IFERROR(VLOOKUP(C127,路飞话务数据源!D:Q,3,FALSE),0) -> 31 | H127: =IFERROR(VLOOKUP(C127,路飞话务数据源!D:Q,4,FALSE),0) -> 0.24409449 | I127: =IFERROR(VLOOKUP(C127,路飞话务数据源!D:Q,5,FALSE),0) -> 20 | J127: =IFERROR(VLOOKUP(C127,路飞话务数据源!D:Q,6,FALSE),0) -> 18 | K127: =IFERROR(VLOOKUP(C127,路飞话务数据源!D:Q,7,FALSE),0) -> 8 | L127: =IFERROR(VLOOKUP(C127,路飞话务数据源!D:Q,8,FALSE),0) -> 1 | M127: =IFERROR(VLOOKUP(C127,路飞话务数据源!D:Q,9,FALSE),0) -> 28.216667 | N127: =IFERROR(VLOOKUP(C127,路飞话务数据源!D:Q,10,FALSE),0) -> 0 | O127: =IFERROR(VLOOKUP(C127,路飞话务数据源!D:Q,11,FALSE),0) -> 0 | P127: =IFERROR(VLOOKUP(C127,路飞话务数据源!D:Q,12,FALSE),0) -> 0 | Q127: =IFERROR(VLOOKUP(C127,路飞话务数据源!D:Q,13,FALSE),0) -> 0 | R127: =IF(OR(TODAY()-E127<=7,F127<5),0,1) -> 1 | S127: =IF(DATEDIF(E127,TODAY(),"M")>=12*3,"3年以上",IF(AND(DATEDIF(E127,TODAY(),"M")>=12*2,DATEDIF(E127,TODAY(),"M")<12*3),"2年-3年",IF(AND(DATEDIF(E127,TODAY(),"M")>=12,DATEDIF(E127,TODAY(),"M")<12*3),"1年-2年",IF(AND(DATEDIF(E127,TODAY(),"M")<12,DATEDIF(E127,TODAY(),"M")>=7),"7月-12月",IF(AND(DATEDIF(E127,TODAY(),"M")<7,DATEDIF(E127,TODAY(),"M")>=3),"4月-6月",IF(DATEDIF(E127,TODAY(),"M")=0,"月内","1-3月")))))) -> 1-3月 | T127: 户桂浩 | U127: =SUMIFS(路飞意向数据源!F:F,路飞意向数据源!B:B,A127,路飞意向数据源!C:C,B127,路飞意向数据源!D:D,C127) -> 0
A128: 济南 | B128: 新签三部 | C128: 李泽朋 | D128: lizepeng03 | E128: 2021-07-22 | F128: =IFERROR(VLOOKUP(C128,路飞话务数据源!D:Q,2,FALSE),0) -> 191 | G128: =IFERROR(VLOOKUP(C128,路飞话务数据源!D:Q,3,FALSE),0) -> 45 | H128: =IFERROR(VLOOKUP(C128,路飞话务数据源!D:Q,4,FALSE),0) -> 0.23560209 | I128: =IFERROR(VLOOKUP(C128,路飞话务数据源!D:Q,5,FALSE),0) -> 26 | J128: =IFERROR(VLOOKUP(C128,路飞话务数据源!D:Q,6,FALSE),0) -> 23 | K128: =IFERROR(VLOOKUP(C128,路飞话务数据源!D:Q,7,FALSE),0) -> 5 | L128: =IFERROR(VLOOKUP(C128,路飞话务数据源!D:Q,8,FALSE),0) -> 1 | M128: =IFERROR(VLOOKUP(C128,路飞话务数据源!D:Q,9,FALSE),0) -> 31.35 | N128: =IFERROR(VLOOKUP(C128,路飞话务数据源!D:Q,10,FALSE),0) -> 0 | O128: =IFERROR(VLOOKUP(C128,路飞话务数据源!D:Q,11,FALSE),0) -> 0 | P128: =IFERROR(VLOOKUP(C128,路飞话务数据源!D:Q,12,FALSE),0) -> 0 | Q128: =IFERROR(VLOOKUP(C128,路飞话务数据源!D:Q,13,FALSE),0) -> 0 | R128: =IF(OR(TODAY()-E128<=7,F128<5),0,1) -> 1 | S128: =IF(DATEDIF(E128,TODAY(),"M")>=12*3,"3年以上",IF(AND(DATEDIF(E128,TODAY(),"M")>=12*2,DATEDIF(E128,TODAY(),"M")<12*3),"2年-3年",IF(AND(DATEDIF(E128,TODAY(),"M")>=12,DATEDIF(E128,TODAY(),"M")<12*3),"1年-2年",IF(AND(DATEDIF(E128,TODAY(),"M")<12,DATEDIF(E128,TODAY(),"M")>=7),"7月-12月",IF(AND(DATEDIF(E128,TODAY(),"M")<7,DATEDIF(E128,TODAY(),"M")>=3),"4月-6月",IF(DATEDIF(E128,TODAY(),"M")=0,"月内","1-3月")))))) -> 3年以上 | T128: 户桂浩 | U128: =SUMIFS(路飞意向数据源!F:F,路飞意向数据源!B:B,A128,路飞意向数据源!C:C,B128,路飞意向数据源!D:D,C128) -> 1
A129: 济南 | B129: 新签三部 | C129: 张程超 | D129: zhangchengchao02 | E129: 2024-06-03 | F129: =IFERROR(VLOOKUP(C129,路飞话务数据源!D:Q,2,FALSE),0) -> 136 | G129: =IFERROR(VLOOKUP(C129,路飞话务数据源!D:Q,3,FALSE),0) -> 62 | H129: =IFERROR(VLOOKUP(C129,路飞话务数据源!D:Q,4,FALSE),0) -> 0.45588235 | I129: =IFERROR(VLOOKUP(C129,路飞话务数据源!D:Q,5,FALSE),0) -> 31 | J129: =IFERROR(VLOOKUP(C129,路飞话务数据源!D:Q,6,FALSE),0) -> 25 | K129: =IFERROR(VLOOKUP(C129,路飞话务数据源!D:Q,7,FALSE),0) -> 11 | L129: =IFERROR(VLOOKUP(C129,路飞话务数据源!D:Q,8,FALSE),0) -> 1 | M129: =IFERROR(VLOOKUP(C129,路飞话务数据源!D:Q,9,FALSE),0) -> 43.516667 | N129: =IFERROR(VLOOKUP(C129,路飞话务数据源!D:Q,10,FALSE),0) -> 0 | O129: =IFERROR(VLOOKUP(C129,路飞话务数据源!D:Q,11,FALSE),0) -> 0 | P129: =IFERROR(VLOOKUP(C129,路飞话务数据源!D:Q,12,FALSE),0) -> 0 | Q129: =IFERROR(VLOOKUP(C129,路飞话务数据源!D:Q,13,FALSE),0) -> 0 | R129: =IF(OR(TODAY()-E129<=7,F129<5),0,1) -> 1 | S129: =IF(DATEDIF(E129,TODAY(),"M")>=12*3,"3年以上",IF(AND(DATEDIF(E129,TODAY(),"M")>=12*2,DATEDIF(E129,TODAY(),"M")<12*3),"2年-3年",IF(AND(DATEDIF(E129,TODAY(),"M")>=12,DATEDIF(E129,TODAY(),"M")<12*3),"1年-2年",IF(AND(DATEDIF(E129,TODAY(),"M")<12,DATEDIF(E129,TODAY(),"M")>=7),"7月-12月",IF(AND(DATEDIF(E129,TODAY(),"M")<7,DATEDIF(E129,TODAY(),"M")>=3),"4月-6月",IF(DATEDIF(E129,TODAY(),"M")=0,"月内","1-3月")))))) -> 4月-6月 | T129: 户桂浩 | U129: =SUMIFS(路飞意向数据源!F:F,路飞意向数据源!B:B,A129,路飞意向数据源!C:C,B129,路飞意向数据源!D:D,C129) -> 0
A130: 济南 | B130: 新签三部 | C130: 高家豪 | D130: gaojiahao03 | E130: 2024-05-15 | F130: =IFERROR(VLOOKUP(C130,路飞话务数据源!D:Q,2,FALSE),0) -> 143 | G130: =IFERROR(VLOOKUP(C130,路飞话务数据源!D:Q,3,FALSE),0) -> 57 | H130: =IFERROR(VLOOKUP(C130,路飞话务数据源!D:Q,4,FALSE),0) -> 0.3986014 | I130: =IFERROR(VLOOKUP(C130,路飞话务数据源!D:Q,5,FALSE),0) -> 39 | J130: =IFERROR(VLOOKUP(C130,路飞话务数据源!D:Q,6,FALSE),0) -> 24 | K130: =IFERROR(VLOOKUP(C130,路飞话务数据源!D:Q,7,FALSE),0) -> 15 | L130: =IFERROR(VLOOKUP(C130,路飞话务数据源!D:Q,8,FALSE),0) -> 0 | M130: =IFERROR(VLOOKUP(C130,路飞话务数据源!D:Q,9,FALSE),0) -> 40.983333 | N130: =IFERROR(VLOOKUP(C130,路飞话务数据源!D:Q,10,FALSE),0) -> 0 | O130: =IFERROR(VLOOKUP(C130,路飞话务数据源!D:Q,11,FALSE),0) -> 0 | P130: =IFERROR(VLOOKUP(C130,路飞话务数据源!D:Q,12,FALSE),0) -> 0 | Q130: =IFERROR(VLOOKUP(C130,路飞话务数据源!D:Q,13,FALSE),0) -> 0 | R130: =IF(OR(TODAY()-E130<=7,F130<5),0,1) -> 1 | S130: =IF(DATEDIF(E130,TODAY(),"M")>=12*3,"3年以上",IF(AND(DATEDIF(E130,TODAY(),"M")>=12*2,DATEDIF(E130,TODAY(),"M")<12*3),"2年-3年",IF(AND(DATEDIF(E130,TODAY(),"M")>=12,DATEDIF(E130,TODAY(),"M")<12*3),"1年-2年",IF(AND(DATEDIF(E130,TODAY(),"M")<12,DATEDIF(E130,TODAY(),"M")>=7),"7月-12月",IF(AND(DATEDIF(E130,TODAY(),"M")<7,DATEDIF(E130,TODAY(),"M")>=3),"4月-6月",IF(DATEDIF(E130,TODAY(),"M")=0,"月内","1-3月")))))) -> 4月-6月 | T130: 户桂浩 | U130: =SUMIFS(路飞意向数据源!F:F,路飞意向数据源!B:B,A130,路飞意向数据源!C:C,B130,路飞意向数据源!D:D,C130) -> 0
A131: 济南 | B131: 新签三部 | C131: 孟许磊 | D131: mengxulei | E131: 2022-02-10 | F131: =IFERROR(VLOOKUP(C131,路飞话务数据源!D:Q,2,FALSE),0) -> 118 | G131: =IFERROR(VLOOKUP(C131,路飞话务数据源!D:Q,3,FALSE),0) -> 49 | H131: =IFERROR(VLOOKUP(C131,路飞话务数据源!D:Q,4,FALSE),0) -> 0.41525424 | I131: =IFERROR(VLOOKUP(C131,路飞话务数据源!D:Q,5,FALSE),0) -> 18 | J131: =IFERROR(VLOOKUP(C131,路飞话务数据源!D:Q,6,FALSE),0) -> 15 | K131: =IFERROR(VLOOKUP(C131,路飞话务数据源!D:Q,7,FALSE),0) -> 11 | L131: =IFERROR(VLOOKUP(C131,路飞话务数据源!D:Q,8,FALSE),0) -> 3 | M131: =IFERROR(VLOOKUP(C131,路飞话务数据源!D:Q,9,FALSE),0) -> 38.85 | N131: =IFERROR(VLOOKUP(C131,路飞话务数据源!D:Q,10,FALSE),0) -> 0 | O131: =IFERROR(VLOOKUP(C131,路飞话务数据源!D:Q,11,FALSE),0) -> 0 | P131: =IFERROR(VLOOKUP(C131,路飞话务数据源!D:Q,12,FALSE),0) -> 0 | Q131: =IFERROR(VLOOKUP(C131,路飞话务数据源!D:Q,13,FALSE),0) -> 0 | R131: =IF(OR(TODAY()-E131<=7,F131<5),0,1) -> 1 | S131: =IF(DATEDIF(E131,TODAY(),"M")>=12*3,"3年以上",IF(AND(DATEDIF(E131,TODAY(),"M")>=12*2,DATEDIF(E131,TODAY(),"M")<12*3),"2年-3年",IF(AND(DATEDIF(E131,TODAY(),"M")>=12,DATEDIF(E131,TODAY(),"M")<12*3),"1年-2年",IF(AND(DATEDIF(E131,TODAY(),"M")<12,DATEDIF(E131,TODAY(),"M")>=7),"7月-12月",IF(AND(DATEDIF(E131,TODAY(),"M")<7,DATEDIF(E131,TODAY(),"M")>=3),"4月-6月",IF(DATEDIF(E131,TODAY(),"M")=0,"月内","1-3月")))))) -> 2年-3年 | T131: 户桂浩 | U131: =SUMIFS(路飞意向数据源!F:F,路飞意向数据源!B:B,A131,路飞意向数据源!C:C,B131,路飞意向数据源!D:D,C131) -> 0
A132: 济南 | B132: 新签三部 | C132: 林双阳 | D132: linshuangyang | E132: 2024-03-19 | F132: =IFERROR(VLOOKUP(C132,路飞话务数据源!D:Q,2,FALSE),0) -> 204 | G132: =IFERROR(VLOOKUP(C132,路飞话务数据源!D:Q,3,FALSE),0) -> 78 | H132: =IFERROR(VLOOKUP(C132,路飞话务数据源!D:Q,4,FALSE),0) -> 0.38235294 | I132: =IFERROR(VLOOKUP(C132,路飞话务数据源!D:Q,5,FALSE),0) -> 39 | J132: =IFERROR(VLOOKUP(C132,路飞话务数据源!D:Q,6,FALSE),0) -> 30 | K132: =IFERROR(VLOOKUP(C132,路飞话务数据源!D:Q,7,FALSE),0) -> 16 | L132: =IFERROR(VLOOKUP(C132,路飞话务数据源!D:Q,8,FALSE),0) -> 2 | M132: =IFERROR(VLOOKUP(C132,路飞话务数据源!D:Q,9,FALSE),0) -> 56.483333 | N132: =IFERROR(VLOOKUP(C132,路飞话务数据源!D:Q,10,FALSE),0) -> 0 | O132: =IFERROR(VLOOKUP(C132,路飞话务数据源!D:Q,11,FALSE),0) -> 0 | P132: =IFERROR(VLOOKUP(C132,路飞话务数据源!D:Q,12,FALSE),0) -> 0 | Q132: =IFERROR(VLOOKUP(C132,路飞话务数据源!D:Q,13,FALSE),0) -> 0 | R132: =IF(OR(TODAY()-E132<=7,F132<5),0,1) -> 1 | S132: =IF(DATEDIF(E132,TODAY(),"M")>=12*3,"3年以上",IF(AND(DATEDIF(E132,TODAY(),"M")>=12*2,DATEDIF(E132,TODAY(),"M")<12*3),"2年-3年",IF(AND(DATEDIF(E132,TODAY(),"M")>=12,DATEDIF(E132,TODAY(),"M")<12*3),"1年-2年",IF(AND(DATEDIF(E132,TODAY(),"M")<12,DATEDIF(E132,TODAY(),"M")>=7),"7月-12月",IF(AND(DATEDIF(E132,TODAY(),"M")<7,DATEDIF(E132,TODAY(),"M")>=3),"4月-6月",IF(DATEDIF(E132,TODAY(),"M")=0,"月内","1-3月")))))) -> 4月-6月 | T132: 户桂浩 | U132: =SUMIFS(路飞意向数据源!F:F,路飞意向数据源!B:B,A132,路飞意向数据源!C:C,B132,路飞意向数据源!D:D,C132) -> 1
A133: 济南 | B133: 新签三部 | C133: 刘红旗 | D133: liuhongqi | E133: 2023-07-10 | F133: =IFERROR(VLOOKUP(C133,路飞话务数据源!D:Q,2,FALSE),0) -> 194 | G133: =IFERROR(VLOOKUP(C133,路飞话务数据源!D:Q,3,FALSE),0) -> 79 | H133: =IFERROR(VLOOKUP(C133,路飞话务数据源!D:Q,4,FALSE),0) -> 0.40721649 | I133: =IFERROR(VLOOKUP(C133,路飞话务数据源!D:Q,5,FALSE),0) -> 29 | J133: =IFERROR(VLOOKUP(C133,路飞话务数据源!D:Q,6,FALSE),0) -> 18 | K133: =IFERROR(VLOOKUP(C133,路飞话务数据源!D:Q,7,FALSE),0) -> 4 | L133: =IFERROR(VLOOKUP(C133,路飞话务数据源!D:Q,8,FALSE),0) -> 0 | M133: =IFERROR(VLOOKUP(C133,路飞话务数据源!D:Q,9,FALSE),0) -> 36.716667 | N133: =IFERROR(VLOOKUP(C133,路飞话务数据源!D:Q,10,FALSE),0) -> 0 | O133: =IFERROR(VLOOKUP(C133,路飞话务数据源!D:Q,11,FALSE),0) -> 0 | P133: =IFERROR(VLOOKUP(C133,路飞话务数据源!D:Q,12,FALSE),0) -> 0 | Q133: =IFERROR(VLOOKUP(C133,路飞话务数据源!D:Q,13,FALSE),0) -> 0 | R133: =IF(OR(TODAY()-E133<=7,F133<5),0,1) -> 1 | S133: =IF(DATEDIF(E133,TODAY(),"M")>=12*3,"3年以上",IF(AND(DATEDIF(E133,TODAY(),"M")>=12*2,DATEDIF(E133,TODAY(),"M")<12*3),"2年-3年",IF(AND(DATEDIF(E133,TODAY(),"M")>=12,DATEDIF(E133,TODAY(),"M")<12*3),"1年-2年",IF(AND(DATEDIF(E133,TODAY(),"M")<12,DATEDIF(E133,TODAY(),"M")>=7),"7月-12月",IF(AND(DATEDIF(E133,TODAY(),"M")<7,DATEDIF(E133,TODAY(),"M")>=3),"4月-6月",IF(DATEDIF(E133,TODAY(),"M")=0,"月内","1-3月")))))) -> 1年-2年 | T133: 户桂浩 | U133: =SUMIFS(路飞意向数据源!F:F,路飞意向数据源!B:B,A133,路飞意向数据源!C:C,B133,路飞意向数据源!D:D,C133) -> 0
A134: 青岛 | B134: 通用行业一部 | C134: 朱琳琳 | D134: zhulinlin-qd | E134: 2015-11-24 | F134: =IFERROR(VLOOKUP(C134,路飞话务数据源!D:Q,2,FALSE),0) -> 1 | G134: =IFERROR(VLOOKUP(C134,路飞话务数据源!D:Q,3,FALSE),0) -> 1 | H134: =IFERROR(VLOOKUP(C134,路飞话务数据源!D:Q,4,FALSE),0) -> 1 | I134: =IFERROR(VLOOKUP(C134,路飞话务数据源!D:Q,5,FALSE),0) -> 0 | J134: =IFERROR(VLOOKUP(C134,路飞话务数据源!D:Q,6,FALSE),0) -> 0 | K134: =IFERROR(VLOOKUP(C134,路飞话务数据源!D:Q,7,FALSE),0) -> 0 | L134: =IFERROR(VLOOKUP(C134,路飞话务数据源!D:Q,8,FALSE),0) -> 0 | M134: =IFERROR(VLOOKUP(C134,路飞话务数据源!D:Q,9,FALSE),0) -> 0.23333333 | N134: =IFERROR(VLOOKUP(C134,路飞话务数据源!D:Q,10,FALSE),0) -> 0 | O134: =IFERROR(VLOOKUP(C134,路飞话务数据源!D:Q,11,FALSE),0) -> 0 | P134: =IFERROR(VLOOKUP(C134,路飞话务数据源!D:Q,12,FALSE),0) -> 0 | Q134: =IFERROR(VLOOKUP(C134,路飞话务数据源!D:Q,13,FALSE),0) -> 0 | R134: =IF(OR(TODAY()-E134<=7,F134<5),0,1) -> 0 | S134: =IF(DATEDIF(E134,TODAY(),"M")>=12*3,"3年以上",IF(AND(DATEDIF(E134,TODAY(),"M")>=12*2,DATEDIF(E134,TODAY(),"M")<12*3),"2年-3年",IF(AND(DATEDIF(E134,TODAY(),"M")>=12,DATEDIF(E134,TODAY(),"M")<12*3),"1年-2年",IF(AND(DATEDIF(E134,TODAY(),"M")<12,DATEDIF(E134,TODAY(),"M")>=7),"7月-12月",IF(AND(DATEDIF(E134,TODAY(),"M")<7,DATEDIF(E134,TODAY(),"M")>=3),"4月-6月",IF(DATEDIF(E134,TODAY(),"M")=0,"月内","1-3月")))))) -> 3年以上 | T134: 陈云扬 | U134: =SUMIFS(路飞意向数据源!F:F,路飞意向数据源!B:B,A134,路飞意向数据源!C:C,B134,路飞意向数据源!D:D,C134) -> 2
A135: 青岛 | B135: 通用行业一部 | C135: 蒋清旺 | D135: jiangqingwang | E135: 2024-07-10 | F135: =IFERROR(VLOOKUP(C135,路飞话务数据源!D:Q,2,FALSE),0) -> 0 | G135: =IFERROR(VLOOKUP(C135,路飞话务数据源!D:Q,3,FALSE),0) -> 0 | H135: =IFERROR(VLOOKUP(C135,路飞话务数据源!D:Q,4,FALSE),0) -> 0 | I135: =IFERROR(VLOOKUP(C135,路飞话务数据源!D:Q,5,FALSE),0) -> 0 | J135: =IFERROR(VLOOKUP(C135,路飞话务数据源!D:Q,6,FALSE),0) -> 0 | K135: =IFERROR(VLOOKUP(C135,路飞话务数据源!D:Q,7,FALSE),0) -> 0 | L135: =IFERROR(VLOOKUP(C135,路飞话务数据源!D:Q,8,FALSE),0) -> 0 | M135: =IFERROR(VLOOKUP(C135,路飞话务数据源!D:Q,9,FALSE),0) -> 0 | N135: =IFERROR(VLOOKUP(C135,路飞话务数据源!D:Q,10,FALSE),0) -> 0 | O135: =IFERROR(VLOOKUP(C135,路飞话务数据源!D:Q,11,FALSE),0) -> 0 | P135: =IFERROR(VLOOKUP(C135,路飞话务数据源!D:Q,12,FALSE),0) -> 0 | Q135: =IFERROR(VLOOKUP(C135,路飞话务数据源!D:Q,13,FALSE),0) -> 0 | R135: =IF(OR(TODAY()-E135<=7,F135<5),0,1) -> 0 | S135: =IF(DATEDIF(E135,TODAY(),"M")>=12*3,"3年以上",IF(AND(DATEDIF(E135,TODAY(),"M")>=12*2,DATEDIF(E135,TODAY(),"M")<12*3),"2年-3年",IF(AND(DATEDIF(E135,TODAY(),"M")>=12,DATEDIF(E135,TODAY(),"M")<12*3),"1年-2年",IF(AND(DATEDIF(E135,TODAY(),"M")<12,DATEDIF(E135,TODAY(),"M")>=7),"7月-12月",IF(AND(DATEDIF(E135,TODAY(),"M")<7,DATEDIF(E135,TODAY(),"M")>=3),"4月-6月",IF(DATEDIF(E135,TODAY(),"M")=0,"月内","1-3月")))))) -> 1-3月 | T135: 陈云扬 | U135: =SUMIFS(路飞意向数据源!F:F,路飞意向数据源!B:B,A135,路飞意向数据源!C:C,B135,路飞意向数据源!D:D,C135) -> 0
A136: 杭州 | B136: 通用行业一部 | C136: 陈新港 | D136: chenxingang | E136: 2019-05-06 | F136: =IFERROR(VLOOKUP(C136,路飞话务数据源!D:Q,2,FALSE),0) -> 0 | G136: =IFERROR(VLOOKUP(C136,路飞话务数据源!D:Q,3,FALSE),0) -> 0 | H136: =IFERROR(VLOOKUP(C136,路飞话务数据源!D:Q,4,FALSE),0) -> 0 | I136: =IFERROR(VLOOKUP(C136,路飞话务数据源!D:Q,5,FALSE),0) -> 0 | J136: =IFERROR(VLOOKUP(C136,路飞话务数据源!D:Q,6,FALSE),0) -> 0 | K136: =IFERROR(VLOOKUP(C136,路飞话务数据源!D:Q,7,FALSE),0) -> 0 | L136: =IFERROR(VLOOKUP(C136,路飞话务数据源!D:Q,8,FALSE),0) -> 0 | M136: =IFERROR(VLOOKUP(C136,路飞话务数据源!D:Q,9,FALSE),0) -> 0 | N136: =IFERROR(VLOOKUP(C136,路飞话务数据源!D:Q,10,FALSE),0) -> 1 | O136: =IFERROR(VLOOKUP(C136,路飞话务数据源!D:Q,11,FALSE),0) -> 0 | P136: =IFERROR(VLOOKUP(C136,路飞话务数据源!D:Q,12,FALSE),0) -> 0 | Q136: =IFERROR(VLOOKUP(C136,路飞话务数据源!D:Q,13,FALSE),0) -> 83 | R136: =IF(OR(TODAY()-E136<=7,F136<5),0,1) -> 0 | S136: =IF(DATEDIF(E136,TODAY(),"M")>=12*3,"3年以上",IF(AND(DATEDIF(E136,TODAY(),"M")>=12*2,DATEDIF(E136,TODAY(),"M")<12*3),"2年-3年",IF(AND(DATEDIF(E136,TODAY(),"M")>=12,DATEDIF(E136,TODAY(),"M")<12*3),"1年-2年",IF(AND(DATEDIF(E136,TODAY(),"M")<12,DATEDIF(E136,TODAY(),"M")>=7),"7月-12月",IF(AND(DATEDIF(E136,TODAY(),"M")<7,DATEDIF(E136,TODAY(),"M")>=3),"4月-6月",IF(DATEDIF(E136,TODAY(),"M")=0,"月内","1-3月")))))) -> 3年以上 | T136: 武文强 | U136: =SUMIFS(路飞意向数据源!F:F,路飞意向数据源!B:B,A136,路飞意向数据源!C:C,B136,路飞意向数据源!D:D,C136) -> 0
A137: 杭州 | B137: 通用行业一部 | C137: 殷福红 | D137: yinfuhong | E137: 2023-12-08 | F137: =IFERROR(VLOOKUP(C137,路飞话务数据源!D:Q,2,FALSE),0) -> 2 | G137: =IFERROR(VLOOKUP(C137,路飞话务数据源!D:Q,3,FALSE),0) -> 0 | H137: =IFERROR(VLOOKUP(C137,路飞话务数据源!D:Q,4,FALSE),0) -> 0 | I137: =IFERROR(VLOOKUP(C137,路飞话务数据源!D:Q,5,FALSE),0) -> 0 | J137: =IFERROR(VLOOKUP(C137,路飞话务数据源!D:Q,6,FALSE),0) -> 0 | K137: =IFERROR(VLOOKUP(C137,路飞话务数据源!D:Q,7,FALSE),0) -> 0 | L137: =IFERROR(VLOOKUP(C137,路飞话务数据源!D:Q,8,FALSE),0) -> 0 | M137: =IFERROR(VLOOKUP(C137,路飞话务数据源!D:Q,9,FALSE),0) -> 0 | N137: =IFERROR(VLOOKUP(C137,路飞话务数据源!D:Q,10,FALSE),0) -> 1 | O137: =IFERROR(VLOOKUP(C137,路飞话务数据源!D:Q,11,FALSE),0) -> 0 | P137: =IFERROR(VLOOKUP(C137,路飞话务数据源!D:Q,12,FALSE),0) -> 0 | Q137: =IFERROR(VLOOKUP(C137,路飞话务数据源!D:Q,13,FALSE),0) -> 77 | R137: =IF(OR(TODAY()-E137<=7,F137<5),0,1) -> 0 | S137: =IF(DATEDIF(E137,TODAY(),"M")>=12*3,"3年以上",IF(AND(DATEDIF(E137,TODAY(),"M")>=12*2,DATEDIF(E137,TODAY(),"M")<12*3),"2年-3年",IF(AND(DATEDIF(E137,TODAY(),"M")>=12,DATEDIF(E137,TODAY(),"M")<12*3),"1年-2年",IF(AND(DATEDIF(E137,TODAY(),"M")<12,DATEDIF(E137,TODAY(),"M")>=7),"7月-12月",IF(AND(DATEDIF(E137,TODAY(),"M")<7,DATEDIF(E137,TODAY(),"M")>=3),"4月-6月",IF(DATEDIF(E137,TODAY(),"M")=0,"月内","1-3月")))))) -> 7月-12月 | T137: 武文强 | U137: =SUMIFS(路飞意向数据源!F:F,路飞意向数据源!B:B,A137,路飞意向数据源!C:C,B137,路飞意向数据源!D:D,C137) -> 0
... A152: 杭州 | B152: 新签一部 | C152: 宋谦 | D152: songqian03 | E152: 2024-07-01 | F152: =IFERROR(VLOOKUP(C152,路飞话务数据源!D:Q,2,FALSE),0) -> 0 | G152: =IFERROR(VLOOKUP(C152,路飞话务数据源!D:Q,3,FALSE),0) -> 0 | H152: =IFERROR(VLOOKUP(C152,路飞话务数据源!D:Q,4,FALSE),0) -> 0 | I152: =IFERROR(VLOOKUP(C152,路飞话务数据源!D:Q,5,FALSE),0) -> 0 | J152: =IFERROR(VLOOKUP(C152,路飞话务数据源!D:Q,6,FALSE),0) -> 0 | K152: =IFERROR(VLOOKUP(C152,路飞话务数据源!D:Q,7,FALSE),0) -> 0 | L152: =IFERROR(VLOOKUP(C152,路飞话务数据源!D:Q,8,FALSE),0) -> 0 | M152: =IFERROR(VLOOKUP(C152,路飞话务数据源!D:Q,9,FALSE),0) -> 0 | N152: =IFERROR(VLOOKUP(C152,路飞话务数据源!D:Q,10,FALSE),0) -> 0 | O152: =IFERROR(VLOOKUP(C152,路飞话务数据源!D:Q,11,FALSE),0) -> 0 | P152: =IFERROR(VLOOKUP(C152,路飞话务数据源!D:Q,12,FALSE),0) -> 0 | Q152: =IFERROR(VLOOKUP(C152,路飞话务数据源!D:Q,13,FALSE),0) -> 0 | R152: =IF(OR(TODAY()-E152<=7,F152<5),0,1) -> 0 | S152: =IF(DATEDIF(E152,TODAY(),"M")>=12*3,"3年以上",IF(AND(DATEDIF(E152,TODAY(),"M")>=12*2,DATEDIF(E152,TODAY(),"M")<12*3),"2年-3年",IF(AND(DATEDIF(E152,TODAY(),"M")>=12,DATEDIF(E152,TODAY(),"M")<12*3),"1年-2年",IF(AND(DATEDIF(E152,TODAY(),"M")<12,DATEDIF(E152,TODAY(),"M")>=7),"7月-12月",IF(AND(DATEDIF(E152,TODAY(),"M")<7,DATEDIF(E152,TODAY(),"M")>=3),"4月-6月",IF(DATEDIF(E152,TODAY(),"M")=0,"月内","1-3月")))))) -> 1-3月 | T152: 季伯承 | U152: =SUMIFS(路飞意向数据源!F:F,路飞意向数据源!B:B,A152,路飞意向数据源!C:C,B152,路飞意向数据源!D:D,C152) -> 0
A153: 杭州 | B153: 新签一部 | C153: 纪欣彤 | D153: jixintong | E153: 2024-05-27 | F153: =IFERROR(VLOOKUP(C153,路飞话务数据源!D:Q,2,FALSE),0) -> 59 | G153: =IFERROR(VLOOKUP(C153,路飞话务数据源!D:Q,3,FALSE),0) -> 33 | H153: =IFERROR(VLOOKUP(C153,路飞话务数据源!D:Q,4,FALSE),0) -> 0.55932203 | I153: =IFERROR(VLOOKUP(C153,路飞话务数据源!D:Q,5,FALSE),0) -> 10 | J153: =IFERROR(VLOOKUP(C153,路飞话务数据源!D:Q,6,FALSE),0) -> 9 | K153: =IFERROR(VLOOKUP(C153,路飞话务数据源!D:Q,7,FALSE),0) -> 6 | L153: =IFERROR(VLOOKUP(C153,路飞话务数据源!D:Q,8,FALSE),0) -> 0 | M153: =IFERROR(VLOOKUP(C153,路飞话务数据源!D:Q,9,FALSE),0) -> 17.916667 | N153: =IFERROR(VLOOKUP(C153,路飞话务数据源!D:Q,10,FALSE),0) -> 0 | O153: =IFERROR(VLOOKUP(C153,路飞话务数据源!D:Q,11,FALSE),0) -> 0 | P153: =IFERROR(VLOOKUP(C153,路飞话务数据源!D:Q,12,FALSE),0) -> 0 | Q153: =IFERROR(VLOOKUP(C153,路飞话务数据源!D:Q,13,FALSE),0) -> 0 | R153: 0 | S153: =IF(DATEDIF(E153,TODAY(),"M")>=12*3,"3年以上",IF(AND(DATEDIF(E153,TODAY(),"M")>=12*2,DATEDIF(E153,TODAY(),"M")<12*3),"2年-3年",IF(AND(DATEDIF(E153,TODAY(),"M")>=12,DATEDIF(E153,TODAY(),"M")<12*3),"1年-2年",IF(AND(DATEDIF(E153,TODAY(),"M")<12,DATEDIF(E153,TODAY(),"M")>=7),"7月-12月",IF(AND(DATEDIF(E153,TODAY(),"M")<7,DATEDIF(E153,TODAY(),"M")>=3),"4月-6月",IF(DATEDIF(E153,TODAY(),"M")=0,"月内","1-3月")))))) -> 4月-6月 | T153: 季伯承 | U153: =SUMIFS(路飞意向数据源!F:F,路飞意向数据源!B:B,A153,路飞意向数据源!C:C,B153,路飞意向数据源!D:D,C153) -> 1
A154: 杭州 | B154: 新签一部 | C154: 张贺楠 | D154: zhanghenan01 | E154: 2024-05-08 | F154: =IFERROR(VLOOKUP(C154,路飞话务数据源!D:Q,2,FALSE),0) -> 152 | G154: =IFERROR(VLOOKUP(C154,路飞话务数据源!D:Q,3,FALSE),0) -> 73 | H154: =IFERROR(VLOOKUP(C154,路飞话务数据源!D:Q,4,FALSE),0) -> 0.48026316 | I154: =IFERROR(VLOOKUP(C154,路飞话务数据源!D:Q,5,FALSE),0) -> 40 | J154: =IFERROR(VLOOKUP(C154,路飞话务数据源!D:Q,6,FALSE),0) -> 34 | K154: =IFERROR(VLOOKUP(C154,路飞话务数据源!D:Q,7,FALSE),0) -> 20 | L154: =IFERROR(VLOOKUP(C154,路飞话务数据源!D:Q,8,FALSE),0) -> 0 | M154: =IFERROR(VLOOKUP(C154,路飞话务数据源!D:Q,9,FALSE),0) -> 55.116667 | N154: =IFERROR(VLOOKUP(C154,路飞话务数据源!D:Q,10,FALSE),0) -> 0 | O154: =IFERROR(VLOOKUP(C154,路飞话务数据源!D:Q,11,FALSE),0) -> 0 | P154: =IFERROR(VLOOKUP(C154,路飞话务数据源!D:Q,12,FALSE),0) -> 0 | Q154: =IFERROR(VLOOKUP(C154,路飞话务数据源!D:Q,13,FALSE),0) -> 0 | R154: =IF(OR(TODAY()-E154<=7,F154<5),0,1) -> 1 | S154: =IF(DATEDIF(E154,TODAY(),"M")>=12*3,"3年以上",IF(AND(DATEDIF(E154,TODAY(),"M")>=12*2,DATEDIF(E154,TODAY(),"M")<12*3),"2年-3年",IF(AND(DATEDIF(E154,TODAY(),"M")>=12,DATEDIF(E154,TODAY(),"M")<12*3),"1年-2年",IF(AND(DATEDIF(E154,TODAY(),"M")<12,DATEDIF(E154,TODAY(),"M")>=7),"7月-12月",IF(AND(DATEDIF(E154,TODAY(),"M")<7,DATEDIF(E154,TODAY(),"M")>=3),"4月-6月",IF(DATEDIF(E154,TODAY(),"M")=0,"月内","1-3月")))))) -> 4月-6月 | T154: 季伯承 | U154: =SUMIFS(路飞意向数据源!F:F,路飞意向数据源!B:B,A154,路飞意向数据源!C:C,B154,路飞意向数据源!D:D,C154) -> 0
A155: 济南 | B155: 新签一部 | C155: 周万彪 | D155: zhouwanbiao | E155: 2016-12-12 | F155: =IFERROR(VLOOKUP(C155,路飞话务数据源!D:Q,2,FALSE),0) -> 175 | G155: =IFERROR(VLOOKUP(C155,路飞话务数据源!D:Q,3,FALSE),0) -> 86 | H155: =IFERROR(VLOOKUP(C155,路飞话务数据源!D:Q,4,FALSE),0) -> 0.49142857 | I155: =IFERROR(VLOOKUP(C155,路飞话务数据源!D:Q,5,FALSE),0) -> 45 | J155: =IFERROR(VLOOKUP(C155,路飞话务数据源!D:Q,6,FALSE),0) -> 36 | K155: =IFERROR(VLOOKUP(C155,路飞话务数据源!D:Q,7,FALSE),0) -> 16 | L155: =IFERROR(VLOOKUP(C155,路飞话务数据源!D:Q,8,FALSE),0) -> 2 | M155: =IFERROR(VLOOKUP(C155,路飞话务数据源!D:Q,9,FALSE),0) -> 61.366667 | N155: =IFERROR(VLOOKUP(C155,路飞话务数据源!D:Q,10,FALSE),0) -> 0 | O155: =IFERROR(VLOOKUP(C155,路飞话务数据源!D:Q,11,FALSE),0) -> 0 | P155: =IFERROR(VLOOKUP(C155,路飞话务数据源!D:Q,12,FALSE),0) -> 0 | Q155: =IFERROR(VLOOKUP(C155,路飞话务数据源!D:Q,13,FALSE),0) -> 0 | R155: =IF(OR(TODAY()-E155<=7,F155<5),0,1) -> 1 | S155: =IF(DATEDIF(E155,TODAY(),"M")>=12*3,"3年以上",IF(AND(DATEDIF(E155,TODAY(),"M")>=12*2,DATEDIF(E155,TODAY(),"M")<12*3),"2年-3年",IF(AND(DATEDIF(E155,TODAY(),"M")>=12,DATEDIF(E155,TODAY(),"M")<12*3),"1年-2年",IF(AND(DATEDIF(E155,TODAY(),"M")<12,DATEDIF(E155,TODAY(),"M")>=7),"7月-12月",IF(AND(DATEDIF(E155,TODAY(),"M")<7,DATEDIF(E155,TODAY(),"M")>=3),"4月-6月",IF(DATEDIF(E155,TODAY(),"M")=0,"月内","1-3月")))))) -> 3年以上 | T155: 苗丽 | U155: =SUMIFS(路飞意向数据源!F:F,路飞意向数据源!B:B,A155,路飞意向数据源!C:C,B155,路飞意向数据源!D:D,C155) -> 2
A156: 济南 | B156: 新签一部 | C156: 祖丞荙 | D156: zuchengda | E156: 2024-08-22 | F156: =IFERROR(VLOOKUP(C156,路飞话务数据源!D:Q,2,FALSE),0) -> 170 | G156: =IFERROR(VLOOKUP(C156,路飞话务数据源!D:Q,3,FALSE),0) -> 80 | H156: =IFERROR(VLOOKUP(C156,路飞话务数据源!D:Q,4,FALSE),0) -> 0.47058824 | I156: =IFERROR(VLOOKUP(C156,路飞话务数据源!D:Q,5,FALSE),0) -> 31 | J156: =IFERROR(VLOOKUP(C156,路飞话务数据源!D:Q,6,FALSE),0) -> 23 | K156: =IFERROR(VLOOKUP(C156,路飞话务数据源!D:Q,7,FALSE),0) -> 13 | L156: =IFERROR(VLOOKUP(C156,路飞话务数据源!D:Q,8,FALSE),0) -> 1 | M156: =IFERROR(VLOOKUP(C156,路飞话务数据源!D:Q,9,FALSE),0) -> 47.533333 | N156: =IFERROR(VLOOKUP(C156,路飞话务数据源!D:Q,10,FALSE),0) -> 0 | O156: =IFERROR(VLOOKUP(C156,路飞话务数据源!D:Q,11,FALSE),0) -> 0 | P156: =IFERROR(VLOOKUP(C156,路飞话务数据源!D:Q,12,FALSE),0) -> 0 | Q156: =IFERROR(VLOOKUP(C156,路飞话务数据源!D:Q,13,FALSE),0) -> 0 | R156: =IF(OR(TODAY()-E156<=7,F156<5),0,1) -> 1 | S156: =IF(DATEDIF(E156,TODAY(),"M")>=12*3,"3年以上",IF(AND(DATEDIF(E156,TODAY(),"M")>=12*2,DATEDIF(E156,TODAY(),"M")<12*3),"2年-3年",IF(AND(DATEDIF(E156,TODAY(),"M")>=12,DATEDIF(E156,TODAY(),"M")<12*3),"1年-2年",IF(AND(DATEDIF(E156,TODAY(),"M")<12,DATEDIF(E156,TODAY(),"M")>=7),"7月-12月",IF(AND(DATEDIF(E156,TODAY(),"M")<7,DATEDIF(E156,TODAY(),"M")>=3),"4月-6月",IF(DATEDIF(E156,TODAY(),"M")=0,"月内","1-3月")))))) -> 月内 | T156: 苗丽 | U156: =SUMIFS(路飞意向数据源!F:F,路飞意向数据源!B:B,A156,路飞意向数据源!C:C,B156,路飞意向数据源!D:D,C156) -> 1
A157: 济南 | B157: 新签一部 | C157: 米立国 | D157: miliguo | E157: 2019-06-26 | F157: =IFERROR(VLOOKUP(C157,路飞话务数据源!D:Q,2,FALSE),0) -> 139 | G157: =IFERROR(VLOOKUP(C157,路飞话务数据源!D:Q,3,FALSE),0) -> 66 | H157: =IFERROR(VLOOKUP(C157,路飞话务数据源!D:Q,4,FALSE),0) -> 0.47482014 | I157: =IFERROR(VLOOKUP(C157,路飞话务数据源!D:Q,5,FALSE),0) -> 29 | J157: =IFERROR(VLOOKUP(C157,路飞话务数据源!D:Q,6,FALSE),0) -> 22 | K157: =IFERROR(VLOOKUP(C157,路飞话务数据源!D:Q,7,FALSE),0) -> 14 | L157: =IFERROR(VLOOKUP(C157,路飞话务数据源!D:Q,8,FALSE),0) -> 3 | M157: =IFERROR(VLOOKUP(C157,路飞话务数据源!D:Q,9,FALSE),0) -> 54.533333 | N157: =IFERROR(VLOOKUP(C157,路飞话务数据源!D:Q,10,FALSE),0) -> 0 | O157: =IFERROR(VLOOKUP(C157,路飞话务数据源!D:Q,11,FALSE),0) -> 0 | P157: =IFERROR(VLOOKUP(C157,路飞话务数据源!D:Q,12,FALSE),0) -> 0 | Q157: =IFERROR(VLOOKUP(C157,路飞话务数据源!D:Q,13,FALSE),0) -> 0 | R157: =IF(OR(TODAY()-E157<=7,F157<5),0,1) -> 1 | S157: =IF(DATEDIF(E157,TODAY(),"M")>=12*3,"3年以上",IF(AND(DATEDIF(E157,TODAY(),"M")>=12*2,DATEDIF(E157,TODAY(),"M")<12*3),"2年-3年",IF(AND(DATEDIF(E157,TODAY(),"M")>=12,DATEDIF(E157,TODAY(),"M")<12*3),"1年-2年",IF(AND(DATEDIF(E157,TODAY(),"M")<12,DATEDIF(E157,TODAY(),"M")>=7),"7月-12月",IF(AND(DATEDIF(E157,TODAY(),"M")<7,DATEDIF(E157,TODAY(),"M")>=3),"4月-6月",IF(DATEDIF(E157,TODAY(),"M")=0,"月内","1-3月")))))) -> 3年以上 | T157: 苗丽 | U157: =SUMIFS(路飞意向数据源!F:F,路飞意向数据源!B:B,A157,路飞意向数据源!C:C,B157,路飞意向数据源!D:D,C157) -> 0
A158: 济南 | B158: 新签一部 | C158: 阚英博 | D158: kanyingbo | E158: 2024-01-02 | F158: =IFERROR(VLOOKUP(C158,路飞话务数据源!D:Q,2,FALSE),0) -> 146 | G158: =IFERROR(VLOOKUP(C158,路飞话务数据源!D:Q,3,FALSE),0) -> 65 | H158: =IFERROR(VLOOKUP(C158,路飞话务数据源!D:Q,4,FALSE),0) -> 0.44520548 | I158: =IFERROR(VLOOKUP(C158,路飞话务数据源!D:Q,5,FALSE),0) -> 37 | J158: =IFERROR(VLOOKUP(C158,路飞话务数据源!D:Q,6,FALSE),0) -> 28 | K158: =IFERROR(VLOOKUP(C158,路飞话务数据源!D:Q,7,FALSE),0) -> 19 | L158: =IFERROR(VLOOKUP(C158,路飞话务数据源!D:Q,8,FALSE),0) -> 3 | M158: =IFERROR(VLOOKUP(C158,路飞话务数据源!D:Q,9,FALSE),0) -> 56.3 | N158: =IFERROR(VLOOKUP(C158,路飞话务数据源!D:Q,10,FALSE),0) -> 0 | O158: =IFERROR(VLOOKUP(C158,路飞话务数据源!D:Q,11,FALSE),0) -> 0 | P158: =IFERROR(VLOOKUP(C158,路飞话务数据源!D:Q,12,FALSE),0) -> 0 | Q158: =IFERROR(VLOOKUP(C158,路飞话务数据源!D:Q,13,FALSE),0) -> 0 | R158: =IF(OR(TODAY()-E158<=7,F158<5),0,1) -> 1 | S158: =IF(DATEDIF(E158,TODAY(),"M")>=12*3,"3年以上",IF(AND(DATEDIF(E158,TODAY(),"M")>=12*2,DATEDIF(E158,TODAY(),"M")<12*3),"2年-3年",IF(AND(DATEDIF(E158,TODAY(),"M")>=12,DATEDIF(E158,TODAY(),"M")<12*3),"1年-2年",IF(AND(DATEDIF(E158,TODAY(),"M")<12,DATEDIF(E158,TODAY(),"M")>=7),"7月-12月",IF(AND(DATEDIF(E158,TODAY(),"M")<7,DATEDIF(E158,TODAY(),"M")>=3),"4月-6月",IF(DATEDIF(E158,TODAY(),"M")=0,"月内","1-3月")))))) -> 7月-12月 | T158: 苗丽 | U158: =SUMIFS(路飞意向数据源!F:F,路飞意向数据源!B:B,A158,路飞意向数据源!C:C,B158,路飞意向数据源!D:D,C158) -> 2
A159: 济南 | B159: 新签一部 | C159: 王凌霄 | D159: wanglingxiao02 | E159: 2023-12-04 | F159: =IFERROR(VLOOKUP(C159,路飞话务数据源!D:Q,2,FALSE),0) -> 82 | G159: =IFERROR(VLOOKUP(C159,路飞话务数据源!D:Q,3,FALSE),0) -> 35 | H159: =IFERROR(VLOOKUP(C159,路飞话务数据源!D:Q,4,FALSE),0) -> 0.42682927 | I159: =IFERROR(VLOOKUP(C159,路飞话务数据源!D:Q,5,FALSE),0) -> 20 | J159: =IFERROR(VLOOKUP(C159,路飞话务数据源!D:Q,6,FALSE),0) -> 15 | K159: =IFERROR(VLOOKUP(C159,路飞话务数据源!D:Q,7,FALSE),0) -> 11 | L159: =IFERROR(VLOOKUP(C159,路飞话务数据源!D:Q,8,FALSE),0) -> 1 | M159: =IFERROR(VLOOKUP(C159,路飞话务数据源!D:Q,9,FALSE),0) -> 26.55 | N159: =IFERROR(VLOOKUP(C159,路飞话务数据源!D:Q,10,FALSE),0) -> 1 | O159: =IFERROR(VLOOKUP(C159,路飞话务数据源!D:Q,11,FALSE),0) -> 0 | P159: =IFERROR(VLOOKUP(C159,路飞话务数据源!D:Q,12,FALSE),0) -> 0 | Q159: =IFERROR(VLOOKUP(C159,路飞话务数据源!D:Q,13,FALSE),0) -> 0 | R159: =IF(OR(TODAY()-E159<=7,F159<5),0,1) -> 1 | S159: =IF(DATEDIF(E159,TODAY(),"M")>=12*3,"3年以上",IF(AND(DATEDIF(E159,TODAY(),"M")>=12*2,DATEDIF(E159,TODAY(),"M")<12*3),"2年-3年",IF(AND(DATEDIF(E159,TODAY(),"M")>=12,DATEDIF(E159,TODAY(),"M")<12*3),"1年-2年",IF(AND(DATEDIF(E159,TODAY(),"M")<12,DATEDIF(E159,TODAY(),"M")>=7),"7月-12月",IF(AND(DATEDIF(E159,TODAY(),"M")<7,DATEDIF(E159,TODAY(),"M")>=3),"4月-6月",IF(DATEDIF(E159,TODAY(),"M")=0,"月内","1-3月")))))) -> 7月-12月 | T159: 苗丽 | U159: =SUMIFS(路飞意向数据源!F:F,路飞意向数据源!B:B,A159,路飞意向数据源!C:C,B159,路飞意向数据源!D:D,C159) -> 1
A160: 济南 | B160: 新签一部 | C160: 曲峻谊 | D160: qujunyi | E160: 2023-11-28 | F160: =IFERROR(VLOOKUP(C160,路飞话务数据源!D:Q,2,FALSE),0) -> 201 | G160: =IFERROR(VLOOKUP(C160,路飞话务数据源!D:Q,3,FALSE),0) -> 74 | H160: =IFERROR(VLOOKUP(C160,路飞话务数据源!D:Q,4,FALSE),0) -> 0.3681592 | I160: =IFERROR(VLOOKUP(C160,路飞话务数据源!D:Q,5,FALSE),0) -> 31 | J160: =IFERROR(VLOOKUP(C160,路飞话务数据源!D:Q,6,FALSE),0) -> 22 | K160: =IFERROR(VLOOKUP(C160,路飞话务数据源!D:Q,7,FALSE),0) -> 12 | L160: =IFERROR(VLOOKUP(C160,路飞话务数据源!D:Q,8,FALSE),0) -> 3 | M160: =IFERROR(VLOOKUP(C160,路飞话务数据源!D:Q,9,FALSE),0) -> 54.616667 | N160: =IFERROR(VLOOKUP(C160,路飞话务数据源!D:Q,10,FALSE),0) -> 0 | O160: =IFERROR(VLOOKUP(C160,路飞话务数据源!D:Q,11,FALSE),0) -> 0 | P160: =IFERROR(VLOOKUP(C160,路飞话务数据源!D:Q,12,FALSE),0) -> 0 | Q160: =IFERROR(VLOOKUP(C160,路飞话务数据源!D:Q,13,FALSE),0) -> 0 | R160: =IF(OR(TODAY()-E160<=7,F160<5),0,1) -> 1 | S160: =IF(DATEDIF(E160,TODAY(),"M")>=12*3,"3年以上",IF(AND(DATEDIF(E160,TODAY(),"M")>=12*2,DATEDIF(E160,TODAY(),"M")<12*3),"2年-3年",IF(AND(DATEDIF(E160,TODAY(),"M")>=12,DATEDIF(E160,TODAY(),"M")<12*3),"1年-2年",IF(AND(DATEDIF(E160,TODAY(),"M")<12,DATEDIF(E160,TODAY(),"M")>=7),"7月-12月",IF(AND(DATEDIF(E160,TODAY(),"M")<7,DATEDIF(E160,TODAY(),"M")>=3),"4月-6月",IF(DATEDIF(E160,TODAY(),"M")=0,"月内","1-3月")))))) -> 7月-12月 | T160: 苗丽 | U160: =SUMIFS(路飞意向数据源!F:F,路飞意向数据源!B:B,A160,路飞意向数据源!C:C,B160,路飞意向数据源!D:D,C160) -> 3
A161: 济南 | B161: 新签一部 | C161: 王冲亚 | D161: wangchongya | E161: 2023-09-15 | F161: =IFERROR(VLOOKUP(C161,路飞话务数据源!D:Q,2,FALSE),0) -> 164 | G161: =IFERROR(VLOOKUP(C161,路飞话务数据源!D:Q,3,FALSE),0) -> 63 | H161: =IFERROR(VLOOKUP(C161,路飞话务数据源!D:Q,4,FALSE),0) -> 0.38414634 | I161: =IFERROR(VLOOKUP(C161,路飞话务数据源!D:Q,5,FALSE),0) -> 32 | J161: =IFERROR(VLOOKUP(C161,路飞话务数据源!D:Q,6,FALSE),0) -> 25 | K161: =IFERROR(VLOOKUP(C161,路飞话务数据源!D:Q,7,FALSE),0) -> 14 | L161: =IFERROR(VLOOKUP(C161,路飞话务数据源!D:Q,8,FALSE),0) -> 0 | M161: =IFERROR(VLOOKUP(C161,路飞话务数据源!D:Q,9,FALSE),0) -> 40.983333 | N161: =IFERROR(VLOOKUP(C161,路飞话务数据源!D:Q,10,FALSE),0) -> 0 | O161: =IFERROR(VLOOKUP(C161,路飞话务数据源!D:Q,11,FALSE),0) -> 0 | P161: =IFERROR(VLOOKUP(C161,路飞话务数据源!D:Q,12,FALSE),0) -> 0 | Q161: =IFERROR(VLOOKUP(C161,路飞话务数据源!D:Q,13,FALSE),0) -> 0 | R161: =IF(OR(TODAY()-E161<=7,F161<5),0,1) -> 1 | S161: =IF(DATEDIF(E161,TODAY(),"M")>=12*3,"3年以上",IF(AND(DATEDIF(E161,TODAY(),"M")>=12*2,DATEDIF(E161,TODAY(),"M")<12*3),"2年-3年",IF(AND(DATEDIF(E161,TODAY(),"M")>=12,DATEDIF(E161,TODAY(),"M")<12*3),"1年-2年",IF(AND(DATEDIF(E161,TODAY(),"M")<12,DATEDIF(E161,TODAY(),"M")>=7),"7月-12月",IF(AND(DATEDIF(E161,TODAY(),"M")<7,DATEDIF(E161,TODAY(),"M")>=3),"4月-6月",IF(DATEDIF(E161,TODAY(),"M")=0,"月内","1-3月")))))) -> 7月-12月 | T161: 苗丽 | U161: =SUMIFS(路飞意向数据源!F:F,路飞意向数据源!B:B,A161,路飞意向数据源!C:C,B161,路飞意向数据源!D:D,C161) -> 0
A162: 济南 | B162: 新签一部 | C162: 张友金 | D162: zhangyoujin | E162: 2021-03-17 | F162: =IFERROR(VLOOKUP(C162,路飞话务数据源!D:Q,2,FALSE),0) -> 50 | G162: =IFERROR(VLOOKUP(C162,路飞话务数据源!D:Q,3,FALSE),0) -> 19 | H162: =IFERROR(VLOOKUP(C162,路飞话务数据源!D:Q,4,FALSE),0) -> 0.38 | I162: =IFERROR(VLOOKUP(C162,路飞话务数据源!D:Q,5,FALSE),0) -> 9 | J162: =IFERROR(VLOOKUP(C162,路飞话务数据源!D:Q,6,FALSE),0) -> 7 | K162: =IFERROR(VLOOKUP(C162,路飞话务数据源!D:Q,7,FALSE),0) -> 6 | L162: =IFERROR(VLOOKUP(C162,路飞话务数据源!D:Q,8,FALSE),0) -> 0 | M162: =IFERROR(VLOOKUP(C162,路飞话务数据源!D:Q,9,FALSE),0) -> 12.983333 | N162: =IFERROR(VLOOKUP(C162,路飞话务数据源!D:Q,10,FALSE),0) -> 1 | O162: =IFERROR(VLOOKUP(C162,路飞话务数据源!D:Q,11,FALSE),0) -> 0 | P162: =IFERROR(VLOOKUP(C162,路飞话务数据源!D:Q,12,FALSE),0) -> 0 | Q162: =IFERROR(VLOOKUP(C162,路飞话务数据源!D:Q,13,FALSE),0) -> 77 | R162: =IF(OR(TODAY()-E162<=7,F162<5),0,1) -> 1 | S162: =IF(DATEDIF(E162,TODAY(),"M")>=12*3,"3年以上",IF(AND(DATEDIF(E162,TODAY(),"M")>=12*2,DATEDIF(E162,TODAY(),"M")<12*3),"2年-3年",IF(AND(DATEDIF(E162,TODAY(),"M")>=12,DATEDIF(E162,TODAY(),"M")<12*3),"1年-2年",IF(AND(DATEDIF(E162,TODAY(),"M")<12,DATEDIF(E162,TODAY(),"M")>=7),"7月-12月",IF(AND(DATEDIF(E162,TODAY(),"M")<7,DATEDIF(E162,TODAY(),"M")>=3),"4月-6月",IF(DATEDIF(E162,TODAY(),"M")=0,"月内","1-3月")))))) -> 3年以上 | T162: 苗丽 | U162: =SUMIFS(路飞意向数据源!F:F,路飞意向数据源!B:B,A162,路飞意向数据源!C:C,B162,路飞意向数据源!D:D,C162) -> 1
A163: 青岛 | B163: 新签二部 | C163: 房政杰 | D163: fangzhengjie01 | E163: 2023-07-17 | F163: =IFERROR(VLOOKUP(C163,路飞话务数据源!D:Q,2,FALSE),0) -> 105 | G163: =IFERROR(VLOOKUP(C163,路飞话务数据源!D:Q,3,FALSE),0) -> 48 | H163: =IFERROR(VLOOKUP(C163,路飞话务数据源!D:Q,4,FALSE),0) -> 0.45714286 | I163: =IFERROR(VLOOKUP(C163,路飞话务数据源!D:Q,5,FALSE),0) -> 18 | J163: =IFERROR(VLOOKUP(C163,路飞话务数据源!D:Q,6,FALSE),0) -> 12 | K163: =IFERROR(VLOOKUP(C163,路飞话务数据源!D:Q,7,FALSE),0) -> 7 | L163: =IFERROR(VLOOKUP(C163,路飞话务数据源!D:Q,8,FALSE),0) -> 1 | M163: =IFERROR(VLOOKUP(C163,路飞话务数据源!D:Q,9,FALSE),0) -> 26.816667 | N163: =IFERROR(VLOOKUP(C163,路飞话务数据源!D:Q,10,FALSE),0) -> 0 | O163: =IFERROR(VLOOKUP(C163,路飞话务数据源!D:Q,11,FALSE),0) -> 0 | P163: =IFERROR(VLOOKUP(C163,路飞话务数据源!D:Q,12,FALSE),0) -> 0 | Q163: =IFERROR(VLOOKUP(C163,路飞话务数据源!D:Q,13,FALSE),0) -> 0 | R163: =IF(OR(TODAY()-E163<=7,F163<5),0,1) -> 1 | S163: =IF(DATEDIF(E163,TODAY(),"M")>=12*3,"3年以上",IF(AND(DATEDIF(E163,TODAY(),"M")>=12*2,DATEDIF(E163,TODAY(),"M")<12*3),"2年-3年",IF(AND(DATEDIF(E163,TODAY(),"M")>=12,DATEDIF(E163,TODAY(),"M")<12*3),"1年-2年",IF(AND(DATEDIF(E163,TODAY(),"M")<12,DATEDIF(E163,TODAY(),"M")>=7),"7月-12月",IF(AND(DATEDIF(E163,TODAY(),"M")<7,DATEDIF(E163,TODAY(),"M")>=3),"4月-6月",IF(DATEDIF(E163,TODAY(),"M")=0,"月内","1-3月")))))) -> 1年-2年 | T163: 徐建华 | U163: =SUMIFS(路飞意向数据源!F:F,路飞意向数据源!B:B,A163,路飞意向数据源!C:C,B163,路飞意向数据源!D:D,C163) -> 0
A164: 青岛 | B164: 新签二部 | C164: 李先鹏 | D164: lixianpeng | E164: 2024-07-01 | F164: =IFERROR(VLOOKUP(C164,路飞话务数据源!D:Q,2,FALSE),0) -> 169 | G164: =IFERROR(VLOOKUP(C164,路飞话务数据源!D:Q,3,FALSE),0) -> 72 | H164: =IFERROR(VLOOKUP(C164,路飞话务数据源!D:Q,4,FALSE),0) -> 0.4260355 | I164: =IFERROR(VLOOKUP(C164,路飞话务数据源!D:Q,5,FALSE),0) -> 43 | J164: =IFERROR(VLOOKUP(C164,路飞话务数据源!D:Q,6,FALSE),0) -> 35 | K164: =IFERROR(VLOOKUP(C164,路飞话务数据源!D:Q,7,FALSE),0) -> 22 | L164: =IFERROR(VLOOKUP(C164,路飞话务数据源!D:Q,8,FALSE),0) -> 5 | M164: =IFERROR(VLOOKUP(C164,路飞话务数据源!D:Q,9,FALSE),0) -> 82.366667 | N164: =IFERROR(VLOOKUP(C164,路飞话务数据源!D:Q,10,FALSE),0) -> 0 | O164: =IFERROR(VLOOKUP(C164,路飞话务数据源!D:Q,11,FALSE),0) -> 0 | P164: =IFERROR(VLOOKUP(C164,路飞话务数据源!D:Q,12,FALSE),0) -> 0 | Q164: =IFERROR(VLOOKUP(C164,路飞话务数据源!D:Q,13,FALSE),0) -> 0 | R164: =IF(OR(TODAY()-E164<=7,F164<5),0,1) -> 1 | S164: =IF(DATEDIF(E164,TODAY(),"M")>=12*3,"3年以上",IF(AND(DATEDIF(E164,TODAY(),"M")>=12*2,DATEDIF(E164,TODAY(),"M")<12*3),"2年-3年",IF(AND(DATEDIF(E164,TODAY(),"M")>=12,DATEDIF(E164,TODAY(),"M")<12*3),"1年-2年",IF(AND(DATEDIF(E164,TODAY(),"M")<12,DATEDIF(E164,TODAY(),"M")>=7),"7月-12月",IF(AND(DATEDIF(E164,TODAY(),"M")<7,DATEDIF(E164,TODAY(),"M")>=3),"4月-6月",IF(DATEDIF(E164,TODAY(),"M")=0,"月内","1-3月")))))) -> 1-3月 | T164: 徐建华 | U164: =SUMIFS(路飞意向数据源!F:F,路飞意向数据源!B:B,A164,路飞意向数据源!C:C,B164,路飞意向数据源!D:D,C164) -> 1
A165: 青岛 | B165: 新签二部 | C165: 秦即航 | D165: qinjihang | E165: 2024-08-22 | F165: =IFERROR(VLOOKUP(C165,路飞话务数据源!D:Q,2,FALSE),0) -> 177 | G165: =IFERROR(VLOOKUP(C165,路飞话务数据源!D:Q,3,FALSE),0) -> 90 | H165: =IFERROR(VLOOKUP(C165,路飞话务数据源!D:Q,4,FALSE),0) -> 0.50847458 | I165: =IFERROR(VLOOKUP(C165,路飞话务数据源!D:Q,5,FALSE),0) -> 15 | J165: =IFERROR(VLOOKUP(C165,路飞话务数据源!D:Q,6,FALSE),0) -> 6 | K165: =IFERROR(VLOOKUP(C165,路飞话务数据源!D:Q,7,FALSE),0) -> 3 | L165: =IFERROR(VLOOKUP(C165,路飞话务数据源!D:Q,8,FALSE),0) -> 0 | M165: =IFERROR(VLOOKUP(C165,路飞话务数据源!D:Q,9,FALSE),0) -> 35.033333 | N165: =IFERROR(VLOOKUP(C165,路飞话务数据源!D:Q,10,FALSE),0) -> 0 | O165: =IFERROR(VLOOKUP(C165,路飞话务数据源!D:Q,11,FALSE),0) -> 0 | P165: =IFERROR(VLOOKUP(C165,路飞话务数据源!D:Q,12,FALSE),0) -> 0 | Q165: =IFERROR(VLOOKUP(C165,路飞话务数据源!D:Q,13,FALSE),0) -> 0 | R165: =IF(OR(TODAY()-E165<=7,F165<5),0,1) -> 1 | S165: =IF(DATEDIF(E165,TODAY(),"M")>=12*3,"3年以上",IF(AND(DATEDIF(E165,TODAY(),"M")>=12*2,DATEDIF(E165,TODAY(),"M")<12*3),"2年-3年",IF(AND(DATEDIF(E165,TODAY(),"M")>=12,DATEDIF(E165,TODAY(),"M")<12*3),"1年-2年",IF(AND(DATEDIF(E165,TODAY(),"M")<12,DATEDIF(E165,TODAY(),"M")>=7),"7月-12月",IF(AND(DATEDIF(E165,TODAY(),"M")<7,DATEDIF(E165,TODAY(),"M")>=3),"4月-6月",IF(DATEDIF(E165,TODAY(),"M")=0,"月内","1-3月")))))) -> 月内 | T165: 徐建华 | U165: =SUMIFS(路飞意向数据源!F:F,路飞意向数据源!B:B,A165,路飞意向数据源!C:C,B165,路飞意向数据源!D:D,C165) -> 0
... A192: 杭州 | B192: 新签五部 | C192: 贾婷婷 | D192: jiatingting | E192: 2024-07-08 | F192: =IFERROR(VLOOKUP(C192,路飞话务数据源!D:Q,2,FALSE),0) -> 70 | G192: =IFERROR(VLOOKUP(C192,路飞话务数据源!D:Q,3,FALSE),0) -> 38 | H192: =IFERROR(VLOOKUP(C192,路飞话务数据源!D:Q,4,FALSE),0) -> 0.54285714 | I192: =IFERROR(VLOOKUP(C192,路飞话务数据源!D:Q,5,FALSE),0) -> 21 | J192: =IFERROR(VLOOKUP(C192,路飞话务数据源!D:Q,6,FALSE),0) -> 16 | K192: =IFERROR(VLOOKUP(C192,路飞话务数据源!D:Q,7,FALSE),0) -> 9 | L192: =IFERROR(VLOOKUP(C192,路飞话务数据源!D:Q,8,FALSE),0) -> 1 | M192: =IFERROR(VLOOKUP(C192,路飞话务数据源!D:Q,9,FALSE),0) -> 29.166667 | N192: =IFERROR(VLOOKUP(C192,路飞话务数据源!D:Q,10,FALSE),0) -> 0 | O192: =IFERROR(VLOOKUP(C192,路飞话务数据源!D:Q,11,FALSE),0) -> 0 | P192: =IFERROR(VLOOKUP(C192,路飞话务数据源!D:Q,12,FALSE),0) -> 0 | Q192: =IFERROR(VLOOKUP(C192,路飞话务数据源!D:Q,13,FALSE),0) -> 0 | R192: =IF(OR(TODAY()-E192<=7,F192<5),0,1) -> 1 | S192: =IF(DATEDIF(E192,TODAY(),"M")>=12*3,"3年以上",IF(AND(DATEDIF(E192,TODAY(),"M")>=12*2,DATEDIF(E192,TODAY(),"M")<12*3),"2年-3年",IF(AND(DATEDIF(E192,TODAY(),"M")>=12,DATEDIF(E192,TODAY(),"M")<12*3),"1年-2年",IF(AND(DATEDIF(E192,TODAY(),"M")<12,DATEDIF(E192,TODAY(),"M")>=7),"7月-12月",IF(AND(DATEDIF(E192,TODAY(),"M")<7,DATEDIF(E192,TODAY(),"M")>=3),"4月-6月",IF(DATEDIF(E192,TODAY(),"M")=0,"月内","1-3月")))))) -> 1-3月 | T192: 孙飞 | U192: =SUMIFS(路飞意向数据源!F:F,路飞意向数据源!B:B,A192,路飞意向数据源!C:C,B192,路飞意向数据源!D:D,C192) -> 0

Sheet 路飞话务数据源
A1: 大区 | B1: 城市 | C1: 部门 | D1: 销售姓名 | E1: 当日呼出电话数 | F1: 当日接通电话数 | G1: 接通率 | H1: 当日30s电话数 | I1: 当日45s电话数 | J1: 当日60s电话数 | K1: 当日180s电话数 | L1: 当日累计接通时长(分钟) | M1: 当日外访客户数 | N1: 当日外访签单客户数 | O1: 当日外访签单率 | P1: 当日总外访时长（分钟）
A2: 华东区 | B2: 青岛 | C2: 通用行业一部 | D2: 朱琳琳 | E2: 1 | F2: 1 | G2: 1 | H2: 0 | I2: 0 | J2: 0 | K2: 0 | L2: 0.23333333
A3: 华东区 | B3: 青岛 | C3: 物流行业一部 | D3: 徐浩栋 | E3: 1 | F3: 0 | G3: 0 | H3: 0 | I3: 0 | J3: 0 | K3: 0 | L3: 0
A4: 华东区 | B4: 青岛 | C4: 物流行业一部 | D4: 胡凡迪 | E4: 32 | F4: 10 | G4: 0.3125 | H4: 3 | I4: 1 | J4: 0 | K4: 0 | L4: 3.8
A5: 华东区 | B5: 青岛 | C5: 新签四部 | D5: 尹丽丽 | E5: 242 | F5: 102 | G5: 0.4214876 | H5: 35 | I5: 22 | J5: 14 | K5: 3 | L5: 63.383333
A6: 华东区 | B6: 青岛 | C6: 新签四部 | D6: 肖冠迪 | E6: 256 | F6: 111 | G6: 0.43359375 | H6: 11 | I6: 7 | J6: 4 | K6: 0 | L6: 37.166667
A7: 华东区 | B7: 青岛 | C7: 新签四部 | D7: 曲世龙 | E7: 108 | F7: 54 | G7: 0.5 | H7: 21 | I7: 18 | J7: 12 | K7: 2 | L7: 41.766667 | M7: 1 | N7: 1 | O7: 1 | P7: 91
A8: 华东区 | B8: 青岛 | C8: 新签四部 | D8: 郭槟恺 | E8: 155 | F8: 63 | G8: 0.40645161 | H8: 16 | I8: 15 | J8: 9 | K8: 1 | L8: 32.85
A9: 华东区 | B9: 青岛 | C9: 新签四部 | D9: 邓琪 | E9: 246 | F9: 100 | G9: 0.40650407 | H9: 20 | I9: 11 | J9: 7 | K9: 0 | L9: 43
A10: 华东区 | B10: 青岛 | C10: 新签四部 | D10: 杜浩天 | E10: 217 | F10: 96 | G10: 0.44239631 | H10: 38 | I10: 29 | J10: 22 | K10: 3 | L10: 64.45
A11: 华东区 | B11: 青岛 | C11: 新签四部 | D11: 张可 | E11: 186 | F11: 70 | G11: 0.37634409 | H11: 30 | I11: 20 | J11: 17 | K11: 4 | L11: 53
A12: 华东区 | B12: 青岛 | C12: 新签二部 | D12: 李先鹏 | E12: 169 | F12: 72 | G12: 0.4260355 | H12: 43 | I12: 35 | J12: 22 | K12: 5 | L12: 82.366667
A13: 华东区 | B13: 青岛 | C13: 新签二部 | D13: 刘旭 | E13: 134 | F13: 68 | G13: 0.50746269 | H13: 35 | I13: 28 | J13: 17 | K13: 2 | L13: 56.366667
A14: 华东区 | B14: 青岛 | C14: 新签二部 | D14: 陈昔金 | E14: 206 | F14: 105 | G14: 0.50970874 | H14: 53 | I14: 39 | J14: 27 | K14: 4 | L14: 87.633333
A15: 华东区 | B15: 青岛 | C15: 新签二部 | D15: 张欣宇 | E15: 255 | F15: 102 | G15: 0.4 | H15: 41 | I15: 32 | J15: 13 | K15: 1 | L15: 56
A16: 华东区 | B16: 青岛 | C16: 新签二部 | D16: 陈景豪 | E16: 120 | F16: 57 | G16: 0.475 | H16: 28 | I16: 16 | J16: 10 | K16: 0 | L16: 34.566667
A17: 华东区 | B17: 青岛 | C17: 新签二部 | D17: 曹可景 | E17: 190 | F17: 99 | G17: 0.52105263 | H17: 25 | I17: 22 | J17: 7 | K17: 0 | L17: 40.55
A18: 华东区 | B18: 青岛 | C18: 新签二部 | D18: 房政杰 | E18: 105 | F18: 48 | G18: 0.45714286 | H18: 18 | I18: 12 | J18: 7 | K18: 1 | L18: 26.816667
A19: 华东区 | B19: 青岛 | C19: 新签二部 | D19: 秦即航 | E19: 177 | F19: 90 | G19: 0.50847458 | H19: 15 | I19: 6 | J19: 3 | K19: 0 | L19: 35.033333
A20: 华东区 | B20: 青岛 | C20: 新签二部 | D20: 练玉洁 | E20: 79 | F20: 28 | G20: 0.35443038 | H20: 15 | I20: 11 | J20: 6 | K20: 1 | L20: 25.9 | M20: 1 | N20: 0 | O20: 0 | P20: 43
A21: 华东区 | B21: 青岛 | C21: 新签三部 | D21: 王连生 | E21: 97 | F21: 39 | G21: 0.40206186 | H21: 13 | I21: 11 | J21: 4 | K21: 1 | L21: 21.083333 | M21: 1 | N21: 0 | O21: 0 | P21: 142
A22: 华东区 | B22: 青岛 | C22: 新签三部 | D22: 刘志昊 | E22: 218 | F22: 106 | G22: 0.48623853 | H22: 33 | I22: 30 | J22: 16 | K22: 4 | L22: 74.383333
A23: 华东区 | B23: 青岛 | C23: 新签三部 | D23: 赵瑞壮 | E23: 1 | F23: 1 | G23: 1 | H23: 0 | I23: 0 | J23: 0 | K23: 0 | L23: 0.21666667
A24: 华东区 | B24: 青岛 | C24: 新签三部 | D24: 金鑫 | E24: 254 | F24: 121 | G24: 0.47637795 | H24: 68 | I24: 52 | J24: 27 | K24: 1 | L24: 90.433333
A25: 华东区 | B25: 青岛 | C25: 新签三部 | D25: 李怀彬 | E25: 170 | F25: 70 | G25: 0.41176471 | H25: 30 | I25: 19 | J25: 10 | K25: 1 | L25: 39.216667
A26: 华东区 | B26: 青岛 | C26: 新签三部 | D26: 任峰江 | E26: 200 | F26: 75 | G26: 0.375 | H26: 31 | I26: 15 | J26: 6 | K26: 0 | L26: 34.8
A27: 华东区 | B27: 青岛 | C27: 新签一部 | D27: 刘钰鑫 | E27: 16 | F27: 9 | G27: 0.5625 | H27: 4 | I27: 4 | J27: 3 | K27: 0 | L27: 7.45 | M27: 1 | N27: 1 | O27: 1 | P27: 176
A28: 华东区 | B28: 青岛 | C28: 新签一部 | D28: 刘艺 | E28: 151 | F28: 64 | G28: 0.42384106 | H28: 27 | I28: 20 | J28: 10 | K28: 4 | L28: 67.533333
A29: 华东区 | B29: 青岛 | C29: 新签一部 | D29: 徐增伟 | E29: 61 | F29: 28 | G29: 0.45901639 | H29: 15 | I29: 12 | J29: 9 | K29: 2 | L29: 30.15
A30: 华东区 | B30: 青岛 | C30: 新签一部 | D30: 刘帅帅 | E30: 28 | F30: 13 | G30: 0.46428571 | H30: 7 | I30: 7 | J30: 4 | K30: 0 | L30: 10.533333
A31: 华东区 | B31: 青岛 | C31: 新签一部 | D31: 董坤 | E31: 95 | F31: 35 | G31: 0.36842105 | H31: 17 | I31: 15 | J31: 12 | K31: 5 | L31: 42.65
A32: 华东区 | B32: 青岛 | C32: 新签一部 | D32: 杨家豪 | E32: 7 | F32: 2 | G32: 0.28571429 | H32: 2 | I32: 2 | J32: 2 | K32: 2 | L32: 11.416667
A33: 华东区 | B33: 青岛 | C33: 新签一部 | D33: 曲赛男 | E33: 98 | F33: 43 | G33: 0.43877551 | H33: 24 | I33: 20 | J33: 13 | K33: 1 | L33: 33.45
A34: 华东区 | B34: 青岛 | C34: 新签一部 | D34: 郑传禹 | E34: 147 | F34: 66 | G34: 0.44897959 | H34: 28 | I34: 24 | J34: 16 | K34: 2 | L34: 52.85
A35: 华东区 | B35: 青岛 | C35: 新签一部 | D35: 杨文斋 | E35: 120 | F35: 52 | G35: 0.43333333 | H35: 28 | I35: 19 | J35: 11 | K35: 2 | L35: 46.466667
A36: 华东区 | B36: 青岛 | C36: 增值一部 | D36: 张学凯 | E36: 30 | F36: 9 | G36: 0.3 | H36: 6 | I36: 6 | J36: 4 | K36: 1 | L36: 11.733333
A37: 华东区 | B37: 青岛 | C37: 增值一部 | D37: 孙俊豪 | E37: 51 | F37: 25 | G37: 0.49019608 | H37: 16 | I37: 12 | J37: 6 | K37: 2 | L37: 26.633333
A38: 华东区 | B38: 青岛 | C38: 增值一部 | D38: 刘心梦 | E38: 6 | F38: 3 | G38: 0.5 | H38: 3 | I38: 3 | J38: 1 | K38: 0 | L38: 3.6333333
A39: 华东区 | B39: 青岛 | C39: 增值一部 | D39: 焦泽 | E39: 8 | F39: 4 | G39: 0.5 | H39: 3 | I39: 1 | J39: 1 | K39: 0 | L39: 3.2
... A52: 华东区 | B52: 苏州 | C52: 物流行业一部 | D52: 卜明阳 | E52: 121 | F52: 53 | G52: 0.43801653 | H52: 23 | I52: 13 | J52: 5 | K52: 0 | L52: 26.633333
A53: 华东区 | B53: 苏州 | C53: 物流行业一部 | D53: 陈汉青 | M53: 2 | N53: 0 | O53: 0 | P53: 347
A54: 华东区 | B54: 苏州 | C54: 物流行业一部 | D54: 陈学远 | E54: 30 | F54: 18 | G54: 0.6 | H54: 11 | I54: 7 | J54: 4 | K54: 2 | L54: 26.233333
A55: 华东区 | B55: 苏州 | C55: 物流行业一部 | D55: 赵怡蓉 | E55: 218 | F55: 98 | G55: 0.44954128 | H55: 32 | I55: 14 | J55: 7 | K55: 1 | L55: 49.4
A56: 华东区 | B56: 苏州 | C56: 物流行业一部 | D56: 王阿慧 | E56: 16 | F56: 9 | G56: 0.5625 | H56: 4 | I56: 4 | J56: 4 | K56: 0 | L56: 8.45
A57: 华东区 | B57: 苏州 | C57: 新签四部 | D57: 黄伟强 | E57: 62 | F57: 32 | G57: 0.51612903 | H57: 11 | I57: 10 | J57: 5 | K57: 1 | L57: 20.383333 | M57: 1 | N57: 1 | O57: 1 | P57: 169
A58: 华东区 | B58: 苏州 | C58: 新签四部 | D58: 赵康 | E58: 135 | F58: 56 | G58: 0.41481481 | H58: 31 | I58: 29 | J58: 20 | K58: 1 | L58: 48.283333
A59: 华东区 | B59: 苏州 | C59: 新签四部 | D59: 吕俊杰 | E59: 209 | F59: 87 | G59: 0.41626794 | H59: 53 | I59: 35 | J59: 21 | K59: 1 | L59: 68.633333
A60: 华东区 | B60: 苏州 | C60: 新签四部 | D60: 陈军 | E60: 291 | F60: 114 | G60: 0.39175258 | H60: 41 | I60: 35 | J60: 23 | K60: 1 | L60: 68.016667
A61: 华东区 | B61: 苏州 | C61: 新签四部 | D61: 张晓丽 | E61: 267 | F61: 114 | G61: 0.42696629 | H61: 23 | I61: 17 | J61: 12 | K61: 4 | L61: 55.083333
A62: 华东区 | B62: 苏州 | C62: 新签四部 | D62: 洪越 | E62: 133 | F62: 77 | G62: 0.57894737 | H62: 29 | I62: 23 | J62: 14 | K62: 1 | L62: 48.25
A63: 华东区 | B63: 苏州 | C63: 新签四部 | D63: 顾美洁 | E63: 74 | F63: 48 | G63: 0.64864865 | H63: 30 | I63: 27 | J63: 16 | K63: 0 | L63: 40.3
A64: 华东区 | B64: 苏州 | C64: 新签四部 | D64: 刘亚琦 | E64: 165 | F64: 89 | G64: 0.53939394 | H64: 45 | I64: 36 | J64: 15 | K64: 1 | L64: 59.35
A65: 华东区 | B65: 苏州 | C65: 新签二部 | D65: 李丽华 | E65: 9 | F65: 8 | G65: 0.88888889 | H65: 3 | I65: 3 | J65: 2 | K65: 1 | L65: 9.4333333 | M65: 1 | N65: 0 | O65: 0 | P65: 262
A66: 华东区 | B66: 苏州 | C66: 新签二部 | D66: 高宇鑫 | E66: 350 | F66: 178 | G66: 0.50857143 | H66: 40 | I66: 36 | J66: 25 | K66: 3 | L66: 81.9
A67: 华东区 | B67: 苏州 | C67: 新签三部 | D67: 刘菲 | E67: 15 | F67: 10 | G67: 0.66666667 | H67: 5 | I67: 3 | J67: 2 | K67: 0 | L67: 6.5 | M67: 2 | N67: 0 | O67: 0 | P67: 167
A68: 华东区 | B68: 苏州 | C68: 新签三部 | D68: 张夫豪 | E68: 244 | F68: 137 | G68: 0.56147541 | H68: 45 | I68: 33 | J68: 19 | K68: 1 | L68: 72.633333
A69: 华东区 | B69: 苏州 | C69: 新签三部 | D69: 曾婷婷 | E69: 212 | F69: 82 | G69: 0.38679245 | H69: 41 | I69: 30 | J69: 19 | K69: 1 | L69: 54.683333
A70: 华东区 | B70: 苏州 | C70: 新签三部 | D70: 谭慧 | E70: 193 | F70: 90 | G70: 0.46632124 | H70: 46 | I70: 32 | J70: 20 | K70: 2 | L70: 63.35
A71: 华东区 | B71: 苏州 | C71: 新签三部 | D71: 王兵南 | E71: 199 | F71: 105 | G71: 0.52763819 | H71: 36 | I71: 28 | J71: 7 | K71: 0 | L71: 50.75
A72: 华东区 | B72: 苏州 | C72: 新签三部 | D72: 胡露 | E72: 264 | F72: 106 | G72: 0.40151515 | H72: 47 | I72: 32 | J72: 23 | K72: 2 | L72: 68.45
A73: 华东区 | B73: 苏州 | C73: 新签三部 | D73: 郝忠现 | E73: 286 | F73: 118 | G73: 0.41258741 | H73: 46 | I73: 30 | J73: 12 | K73: 0 | L73: 59.4
A74: 华东区 | B74: 苏州 | C74: 新签三部 | D74: 贾易鑫 | E74: 188 | F74: 65 | G74: 0.34574468 | H74: 30 | I74: 27 | J74: 15 | K74: 0 | L74: 39.466667
A75: 华东区 | B75: 苏州 | C75: 新签三部 | D75: 胡洋洋 | E75: 272 | F75: 137 | G75: 0.50367647 | H75: 34 | I75: 28 | J75: 19 | K75: 2 | L75: 74.283333
A76: 华东区 | B76: 苏州 | C76: 新签一部 | D76: 李杰 | E76: 207 | F76: 104 | G76: 0.50241546 | H76: 47 | I76: 35 | J76: 16 | K76: 1 | L76: 65.616667
A77: 华东区 | B77: 苏州 | C77: 新签一部 | D77: 唐盛鹏 | E77: 161 | F77: 78 | G77: 0.48447205 | H77: 48 | I77: 36 | J77: 10 | K77: 1 | L77: 50.9
A78: 华东区 | B78: 苏州 | C78: 新签一部 | D78: 陈家宝 | E78: 301 | F78: 160 | G78: 0.53156146 | H78: 29 | I78: 15 | J78: 8 | K78: 1 | L78: 61.7
A79: 华东区 | B79: 苏州 | C79: 新签一部 | D79: 章艺冬 | E79: 100 | F79: 53 | G79: 0.53 | H79: 29 | I79: 25 | J79: 14 | K79: 1 | L79: 40.483333
... A84: 华东区 | B84: 苏州 | C84: 增值一部 | D84: 赵国州 | E84: 152 | F84: 79 | G84: 0.51973684 | H84: 34 | I84: 27 | J84: 19 | K84: 0 | L84: 49.266667
A85: 华东区 | B85: 苏州 | C85: 增值一部 | D85: 陆雯 | E85: 5 | F85: 2 | G85: 0.4 | H85: 2 | I85: 2 | J85: 2 | K85: 1 | L85: 6.2 | M85: 1 | N85: 0 | O85: 0 | P85: 127
A86: 华东区 | B86: 苏州 | C86: 增值一部 | D86: 张玉蓉 | E86: 19 | F86: 11 | G86: 0.57894737 | H86: 9 | I86: 9 | J86: 6 | K86: 2 | L86: 19.283333 | M86: 1 | N86: 1 | O86: 1 | P86: 97
A87: 华东区 | B87: 苏州 | C87: 增值一部 | D87: 吴兴颖 | E87: 80 | F87: 41 | G87: 0.5125 | H87: 26 | I87: 19 | J87: 10 | K87: 1 | L87: 33.816667 | M87: 1 | N87: 0 | O87: 0 | P87: 65
A88: 华东区 | B88: 苏州 | C88: 增值一部 | D88: 刘鲜耀 | E88: 51 | F88: 28 | G88: 0.54901961 | H88: 12 | I88: 12 | J88: 9 | K88: 0 | L88: 21.6
A89: 华东区 | B89: 苏州 | C89: 增值一部 | D89: 沈坤鹏 | E89: 42 | F89: 16 | G89: 0.38095238 | H89: 6 | I89: 5 | J89: 3 | K89: 0 | L89: 10.9 | M89: 1 | N89: 0 | O89: 0 | P89: 0
A90: 华东区 | B90: 苏州 | C90: 增值一部 | D90: 姜哲 | E90: 21 | F90: 5 | G90: 0.23809524 | H90: 4 | I90: 4 | J90: 2 | K90: 0 | L90: 4.7833333
A91: 华东区 | B91: 济南 | C91: 通用行业一部 | D91: 韩金宇 | M91: 1 | N91: 0 | O91: 0 | P91: 45
A92: 华东区 | B92: 济南 | C92: 通用行业一部 | D92: 孙念武 | M92: 1 | N92: 0 | O92: 0 | P92: 45
A93: 华东区 | B93: 济南 | C93: 物流行业一部 | D93: 姜娜 | E93: 3 | F93: 2 | G93: 0.66666667 | H93: 1 | I93: 1 | J93: 1 | K93: 0 | L93: 3.05
A94: 华东区 | B94: 济南 | C94: 物流行业一部 | D94: 刘慧敏 | E94: 3 | F94: 0 | G94: 0 | H94: 0 | I94: 0 | J94: 0 | K94: 0 | L94: 0
A95: 华东区 | B95: 济南 | C95: 物流行业一部 | D95: 孙倩倩 | E95: 5 | F95: 3 | G95: 0.6 | H95: 0 | I95: 0 | J95: 0 | K95: 0 | L95: 0.81666667 | M95: 1 | N95: 0 | O95: 0 | P95: 44
A96: 华东区 | B96: 济南 | C96: 物流行业一部 | D96: 孙爱梅 | E96: 8 | F96: 5 | G96: 0.625 | H96: 2 | I96: 2 | J96: 1 | K96: 0 | L96: 2.9
A97: 华东区 | B97: 济南 | C97: 物流行业一部 | D97: 陈媛媛 | E97: 3 | F97: 0 | G97: 0 | H97: 0 | I97: 0 | J97: 0 | K97: 0 | L97: 0
A98: 华东区 | B98: 济南 | C98: 物流行业一部 | D98: 王洪洲 | E98: 16 | F98: 5 | G98: 0.3125 | H98: 3 | I98: 0 | J98: 0 | K98: 0 | L98: 2.5166667
A99: 华东区 | B99: 济南 | C99: 新签四部 | D99: 邵荣晶 | E99: 277 | F99: 100 | G99: 0.36101083 | H99: 57 | I99: 39 | J99: 27 | K99: 3 | L99: 79.933333
A100: 华东区 | B100: 济南 | C100: 新签四部 | D100: 时荣飞 | E100: 257 | F100: 118 | G100: 0.45914397 | H100: 43 | I100: 30 | J100: 10 | K100: 1 | L100: 63.583333
A101: 华东区 | B101: 济南 | C101: 新签四部 | D101: 张学同 | E101: 194 | F101: 84 | G101: 0.43298969 | H101: 51 | I101: 41 | J101: 8 | K101: 3 | L101: 63.25
A102: 华东区 | B102: 济南 | C102: 新签四部 | D102: 王列宁 | E102: 293 | F102: 125 | G102: 0.42662116 | H102: 46 | I102: 39 | J102: 18 | K102: 1 | L102: 68.35
A103: 华东区 | B103: 济南 | C103: 新签四部 | D103: 宋强 | E103: 288 | F103: 123 | G103: 0.42708333 | H103: 50 | I103: 31 | J103: 16 | K103: 1 | L103: 67.25
A104: 华东区 | B104: 济南 | C104: 新签二部 | D104: 陈宇晗 | E104: 267 | F104: 118 | G104: 0.44194757 | H104: 53 | I104: 39 | J104: 15 | K104: 0 | L104: 68
A105: 华东区 | B105: 济南 | C105: 新签二部 | D105: 赵珂昊 | E105: 180 | F105: 78 | G105: 0.43333333 | H105: 35 | I105: 28 | J105: 15 | K105: 4 | L105: 58.583333
A106: 华东区 | B106: 济南 | C106: 新签二部 | D106: 杜晓涵 | E106: 237 | F106: 117 | G106: 0.49367089 | H106: 43 | I106: 31 | J106: 17 | K106: 1 | L106: 66.983333
A107: 华东区 | B107: 济南 | C107: 新签二部 | D107: 任芳菲 | E107: 266 | F107: 135 | G107: 0.5075188 | H107: 52 | I107: 28 | J107: 24 | K107: 1 | L107: 72.85
... A122: 华东区 | B122: 济南 | C122: 新签三部 | D122: 孙其志 | E122: 353 | F122: 137 | G122: 0.38810198 | H122: 54 | I122: 38 | J122: 22 | K122: 0 | L122: 75.466667
A123: 华东区 | B123: 济南 | C123: 新签一部 | D123: 王凌霄 | E123: 82 | F123: 35 | G123: 0.42682927 | H123: 20 | I123: 15 | J123: 11 | K123: 1 | L123: 26.55 | M123: 1 | N123: 0 | O123: 0 | P123: 0
A124: 华东区 | B124: 济南 | C124: 新签一部 | D124: 阚英博 | E124: 146 | F124: 65 | G124: 0.44520548 | H124: 37 | I124: 28 | J124: 19 | K124: 3 | L124: 56.3
A125: 华东区 | B125: 济南 | C125: 新签一部 | D125: 米立国 | E125: 139 | F125: 66 | G125: 0.47482014 | H125: 29 | I125: 22 | J125: 14 | K125: 3 | L125: 54.533333
A126: 华东区 | B126: 济南 | C126: 新签一部 | D126: 张友金 | E126: 50 | F126: 19 | G126: 0.38 | H126: 9 | I126: 7 | J126: 6 | K126: 0 | L126: 12.983333 | M126: 1 | N126: 0 | O126: 0 | P126: 77
A127: 华东区 | B127: 济南 | C127: 新签一部 | D127: 曲峻谊 | E127: 201 | F127: 74 | G127: 0.3681592 | H127: 31 | I127: 22 | J127: 12 | K127: 3 | L127: 54.616667
A128: 华东区 | B128: 济南 | C128: 新签一部 | D128: 周万彪 | E128: 175 | F128: 86 | G128: 0.49142857 | H128: 45 | I128: 36 | J128: 16 | K128: 2 | L128: 61.366667
A129: 华东区 | B129: 济南 | C129: 新签一部 | D129: 王冲亚 | E129: 164 | F129: 63 | G129: 0.38414634 | H129: 32 | I129: 25 | J129: 14 | K129: 0 | L129: 40.983333
A130: 华东区 | B130: 济南 | C130: 新签一部 | D130: 祖丞荙 | E130: 170 | F130: 80 | G130: 0.47058824 | H130: 31 | I130: 23 | J130: 13 | K130: 1 | L130: 47.533333
...

Sheet 路飞意向数据源
A1: 大区 | B1: 城市 | C1: 部门 | D1: 销售姓名 | E1: 今日提报待审核意向商机数 | F1: 今日提报已审核意向商机数 | G1: 今日提报意向商机金额 | H1: 月度储备金额（含当日） | I1: 月度转化金额 | J1: 月度意向业绩转化率
A2: 华东区 | B2: 青岛 | C2: 新签四部 | D2: 代自豪 | E2: 0 | F2: 0 | G2: 0 | H2: 3000 | I2: 3000 | J2: 1
A3: 华东区 | B3: 青岛 | C3: 通用行业一部 | D3: 蒋清旺 | E3: 0 | F3: 0 | G3: 0 | H3: 0 | I3: 0
A4: 华东区 | B4: 青岛 | C4: 通用行业一部 | D4: 朱琳琳 | E4: 1 | F4: 2 | G4: 6628 | H4: 164842 | I4: 105316 | J4: 0.63889057
A5: 华东区 | B5: 青岛 | C5: 新签二部 | D5: 李先鹏 | E5: 0 | F5: 1 | G5: 3502 | H5: 36742 | I5: 3000 | J5: 0.081650427
A6: 华东区 | B6: 青岛 | C6: 新签一部 | D6: 董坤 | E6: 0 | F6: 2 | G6: 9160 | H6: 49340 | I6: 4030 | J6: 0.081678152
A7: 华东区 | B7: 青岛 | C7: 新签四部 | D7: 邓琪 | E7: 0 | F7: 1 | G7: 3980 | H7: 27960 | I7: 4030 | J7: 0.14413448
A8: 华东区 | B8: 青岛 | C8: 新签一部 | D8: 杨文斋 | E8: 0 | F8: 0 | G8: 0 | H8: 16180 | I8: 4030 | J8: 0.24907293
A9: 华东区 | B9: 青岛 | C9: 新签一部 | D9: 刘艺 | E9: 0 | F9: 0 | G9: 0 | H9: 13740 | I9: 8610 | J9: 0.62663755
A10: 华东区 | B10: 青岛 | C10: 增值一部 | D10: 李雪 | E10: 0 | F10: 0 | G10: 0 | H10: 172316 | I10: 78222 | J10: 0.45394508
A11: 华东区 | B11: 青岛 | C11: 增值一部 | D11: 焦泽 | E11: 0 | F11: 0 | G11: 0 | H11: 17742 | I11: 5000 | J11: 0.28181716
A12: 华东区 | B12: 青岛 | C12: 地推一部 | D12: 于佳林 | E12: 0 | F12: 0 | G12: 0 | H12: 0 | I12: 0
A13: 华东区 | B13: 青岛 | C13: 新签二部 | D13: 陈昔金 | E13: 0 | F13: 0 | G13: 0 | H13: 23402 | I13: 7030 | J13: 0.30040168
A14: 华东区 | B14: 青岛 | C14: 新签一部 | D14: 郑传禹 | E14: 0 | F14: 0 | G14: 0 | H14: 3980 | I14: 0 | J14: 0
A15: 华东区 | B15: 青岛 | C15: 新签三部 | D15: 刘昕宇 | E15: 0 | F15: 0 | G15: 0 | H15: 5660 | I15: 0 | J15: 0
A16: 华东区 | B16: 青岛 | C16: 增值一部 | D16: 刘心梦 | E16: 0 | F16: 0 | G16: 0 | H16: 85280 | I16: 37592 | J16: 0.44080675
A17: 华东区 | B17: 青岛 | C17: 新签三部 | D17: 刘志昊 | E17: 0 | F17: 4 | G17: 20790 | H17: 38390 | I17: 0 | J17: 0
A18: 华东区 | B18: 青岛 | C18: 新签一部 | D18: 徐增伟 | E18: 0 | F18: 0 | G18: 0 | H18: 25280 | I18: 25280 | J18: 1
A19: 华东区 | B19: 青岛 | C19: 新签四部 | D19: 郭槟恺 | E19: 0 | F19: 0 | G19: 0 | H19: 20520 | I19: 16062 | J19: 0.78274854
A20: 华东区 | B20: 青岛 | C20: 新签一部 | D20: 刘帅帅 | E20: 0 | F20: 0 | G20: 0 | H20: 65028 | I20: 15990 | J20: 0.24589408
A21: 华东区 | B21: 青岛 | C21: 增值一部 | D21: 魏广玉 | E21: 0 | F21: 0 | G21: 0 | H21: 64624 | I21: 33864 | J21: 0.52401585
A22: 华东区 | B22: 青岛 | C22: 增值一部 | D22: 史玉蕾 | E22: 0 | F22: 0 | G22: 0 | H22: 5600 | I22: 0 | J22: 0
A23: 华东区 | B23: 青岛 | C23: 新签三部 | D23: 努尔古丽·努尔艾合买提 | E23: 0 | F23: 0 | G23: 0 | H23: 0 | I23: 0
A24: 华东区 | B24: 青岛 | C24: 新签一部 | D24: 曲赛男 | E24: 0 | F24: 1 | G24: 3980 | H24: 8660 | I24: 4680 | J24: 0.5404157
A25: 华东区 | B25: 青岛 | C25: 新签四部 | D25: 杜浩天 | E25: 0 | F25: 1 | G25: 3980 | H25: 78690 | I25: 2580 | J25: 0.032786885
A26: 华东区 | B26: 青岛 | C26: 新签三部 | D26: 任峰江 | E26: 0 | F26: 1 | G26: 3980 | H26: 3980 | I26: 0 | J26: 0
A27: 华东区 | B27: 青岛 | C27: 物流行业一部 | D27: 钱明明 | E27: 0 | F27: 0 | G27: 0 | H27: 580139 | I27: 452475 | J27: 0.77994239
A28: 华东区 | B28: 青岛 | C28: 新签一部 | D28: 闫昭宇 | E28: 0 | F28: 0 | G28: 0 | H28: 0 | I28: 0
A29: 华东区 | B29: 青岛 | C29: 物流行业一部 | D29: 张洁 | E29: 0 | F29: 0 | G29: 0 | H29: 226455 | I29: 54821 | J29: 0.24208342
A30: 华东区 | B30: 青岛 | C30: 新签二部 | D30: 练玉洁 | E30: 0 | F30: 0 | G30: 0 | H30: 18920 | I30: 15062 | J30: 0.79608879
A31: 华东区 | B31: 青岛 | C31: 物流行业一部 | D31: 徐浩栋 | E31: 0 | F31: 1 | G31: 10007 | H31: 166147 | I31: 97500 | J31: 0.58682974
A32: 华东区 | B32: 青岛 | C32: 新签二部 | D32: 刘旭 | E32: 0 | F32: 0 | G32: 0 | H32: 23680 | I32: 4030 | J32: 0.17018581
A33: 华东区 | B33: 青岛 | C33: 新签一部 | D33: 刘钰鑫 | E33: 0 | F33: 1 | G33: 3502 | H33: 9762 | I33: 3000 | J33: 0.30731407
A34: 华东区 | B34: 青岛 | C34: 新签三部 | D34: 李顺欣 | E34: 0 | F34: 0 | G34: 0 | H34: 0 | I34: 0
A35: 华东区 | B35: 青岛 | C35: 新签三部 | D35: 李怀彬 | E35: 0 | F35: 0 | G35: 0 | H35: 57060 | I35: 3000 | J35: 0.052576236
A36: 华东区 | B36: 青岛 | C36: 新签三部 | D36: 王连生 | E36: 0 | F36: 2 | G36: 8010 | H36: 40730 | I36: 22162 | J36: 0.54411981
A37: 华东区 | B37: 青岛 | C37: 增值一部 | D37: 赵旭阳 | E37: 0 | F37: 0 | G37: 0 | H37: 101414 | I37: 66138 | J37: 0.65215848
A38: 华东区 | B38: 青岛 | C38: 地推一部 | D38: 谭庆宇 | E38: 0 | F38: 0 | G38: 0 | H38: 0 | I38: 0
A39: 华东区 | B39: 青岛 | C39: 新签三部 | D39: 金鑫 | E39: 0 | F39: 0 | G39: 0 | H39: 21920 | I39: 0 | J39: 0
A40: 华东区 | B40: 青岛 | C40: 新签二部 | D40: 曹可景 | E40: 0 | F40: 0 | G40: 0 | H40: 48880 | I40: 31180 | J40: 0.63788871
A41: 华东区 | B41: 青岛 | C41: 地推一部 | D41: 李可 | E41: 0 | F41: 0 | G41: 0 | H41: 0 | I41: 0
A42: 华东区 | B42: 青岛 | C42: 地推一部 | D42: 李明 | E42: 0 | F42: 0 | G42: 0 | H42: 0 | I42: 0
A43: 华东区 | B43: 青岛 | C43: 新签二部 | D43: 陈景豪 | E43: 0 | F43: 0 | G43: 0 | H43: 13640 | I43: 9740 | J43: 0.71407625
A44: 华东区 | B44: 青岛 | C44: 新签四部 | D44: 尹丽丽 | E44: 0 | F44: 0 | G44: 0 | H44: 12540 | I44: 4580 | J44: 0.36523126
A45: 华东区 | B45: 青岛 | C45: 新签二部 | D45: 房政杰 | E45: 0 | F45: 0 | G45: 0 | H45: 10580 | I45: 0 | J45: 0
A46: 华东区 | B46: 青岛 | C46: 地推一部 | D46: 张鸿政 | E46: 0 | F46: 0 | G46: 0 | H46: 3380 | I46: 0 | J46: 0
A47: 华东区 | B47: 青岛 | C47: 地推一部 | D47: 徐达 | E47: 0 | F47: 0 | G47: 0 | H47: 0 | I47: 0
A48: 华东区 | B48: 青岛 | C48: 新签一部 | D48: 杨家豪 | E48: 0 | F48: 1 | G48: 3980 | H48: 18540 | I48: 0 | J48: 0
A49: 华东区 | B49: 青岛 | C49: 增值一部 | D49: 孙俊豪 | E49: 1 | F49: 0 | G49: 0 | H49: 30200 | I49: 21080 | J49: 0.69801325
A50: 华东区 | B50: 青岛 | C50: 新签四部 | D50: 肖冠迪 | E50: 0 | F50: 0 | G50: 0 | H50: 17720 | I50: 0 | J50: 0
A51: 华东区 | B51: 青岛 | C51: 增值一部 | D51: 杨嘉艺 | E51: 0 | F51: 0 | G51: 0 | H51: 4980 | I51: 4980 | J51: 1
A52: 华东区 | B52: 青岛 | C52: 新签四部 | D52: 张可 | E52: 0 | F52: 0 | G52: 0 | H52: 10240 | I52: 1680 | J52: 0.1640625
A53: 华东区 | B53: 青岛 | C53: 新签二部 | D53: 任艳青 | E53: 0 | F53: 0 | G53: 0 | H53: 0 | I53: 0
A54: 华东区 | B54: 青岛 | C54: 新签三部 | D54: 赵瑞壮 | E54: 0 | F54: 0 | G54: 0 | H54: 11960 | I54: 3000 | J54: 0.25083612
A55: 华东区 | B55: 青岛 | C55: 物流行业一部 | D55: 胡凡迪 | E55: 0 | F55: 0 | G55: 0 | H55: 79808 | I55: 45688 | J55: 0.57247394
A56: 华东区 | B56: 青岛 | C56: 新签四部 | D56: 范义涵 | E56: 0 | F56: 0 | G56: 0 | H56: 0 | I56: 0
A57: 华东区 | B57: 青岛 | C57: 新签二部 | D57: 张欣宇 | E57: 0 | F57: 0 | G57: 0 | H57: 25550 | I57: 6610 | J57: 0.25870841
A58: 华东区 | B58: 青岛 | C58: 物流行业一部 | D58: 宋任方也 | E58: 0 | F58: 0 | G58: 0 | H58: 4080 | I58: 0 | J58: 0
A59: 华东区 | B59: 青岛 | C59: 新签二部 | D59: 秦即航 | E59: 0 | F59: 0 | G59: 0 | H59: 0 | I59: 0
A60: 华东区 | B60: 青岛 | C60: 地推一部 | D60: 杨盛喆 | E60: 0 | F60: 0 | G60: 0 | H60: 2640 | I60: 0 | J60: 0
A61: 华东区 | B61: 青岛 | C61: 新签四部 | D61: 曲世龙 | E61: 0 | F61: 3 | G61: 11512 | H61: 90452 | I61: 4580 | J61: 0.050634591
A62: 华东区 | B62: 青岛 | C62: 地推一部 | D62: 魏佳昊 | E62: 0 | F62: 0 | G62: 0 | H62: 4980 | I62: 0 | J62: 0
A63: 华东区 | B63: 青岛 | C63: 新签二部 | D63: 左一笛 | E63: 0 | F63: 0 | G63: 0 | H63: 0 | I63: 0
A64: 华东区 | B64: 青岛 | C64: 增值一部 | D64: 张学凯 | E64: 0 | F64: 0 | G64: 0 | H64: 161400 | I64: 202840 | J64: 1.2567534
A65: 华东区 | B65: 苏州 | C65: 新签三部 | D65: 张泽锋 | E65: 0 | F65: 0 | G65: 0 | H65: 0 | I65: 0
A66: 华东区 | B66: 苏州 | C66: 地推一部 | D66: 雷文俊 | E66: 0 | F66: 0 | G66: 0 | H66: 9000 | I66: 0 | J66: 0
A67: 华东区 | B67: 苏州 | C67: 增值一部 | D67: 姜哲 | E67: 0 | F67: 0 | G67: 0 | H67: 114728 | I67: 51684 | J67: 0.4504916
A68: 华东区 | B68: 苏州 | C68: 新签一部 | D68: 李杰 | E68: 0 | F68: 0 | G68: 0 | H68: 32504 | I68: 13978 | J68: 0.43003938
A69: 华东区 | B69: 苏州 | C69: 新签四部 | D69: 杨丽艳 | E69: 0 | F69: 0 | G69: 0 | H69: 14120 | I69: 13714 | J69: 0.97124646
A70: 华东区 | B70: 苏州 | C70: 新签四部 | D70: 顾美洁 | E70: 0 | F70: 0 | G70: 0 | H70: 10328 | I70: 2974 | J70: 0.28795507
A71: 华东区 | B71: 苏州 | C71: 地推一部 | D71: 史栋梁 | E71: 0 | F71: 0 | G71: 0 | H71: 0 | I71: 0
A72: 华东区 | B72: 苏州 | C72: 新签一部 | D72: 李瑞芝 | E72: 0 | F72: 1 | G72: 2974 | H72: 9328 | I72: 5948 | J72: 0.63765009
A73: 华东区 | B73: 苏州 | C73: 新签三部 | D73: 王兵南 | E73: 0 | F73: 0 | G73: 0 | H73: 15120 | I73: 3380 | J73: 0.22354497
A74: 华东区 | B74: 苏州 | C74: 新签三部 | D74: 王蒙恩 | E74: 0 | F74: 0 | G74: 0 | H74: 31840 | I74: 0 | J74: 0
A75: 华东区 | B75: 苏州 | C75: 新签四部 | D75: 陈军 | E75: 0 | F75: 0 | G75: 0 | H75: 25048 | I75: 16688 | J75: 0.66624082
A76: 华东区 | B76: 苏州 | C76: 物流行业一部 | D76: 卜明阳 | E76: 0 | F76: 0 | G76: 0 | H76: 0 | I76: 0
A77: 华东区 | B77: 苏州 | C77: 新签三部 | D77: 谭慧 | E77: 0 | F77: 0 | G77: 0 | H77: 0 | I77: 0
A78: 华东区 | B78: 苏州 | C78: 地推一部 | D78: 刘镇玮 | E78: 0 | F78: 0 | G78: 0 | H78: 0 | I78: 0
A79: 华东区 | B79: 苏州 | C79: 新签三部 | D79: 郝忠现 | E79: 0 | F79: 0 | G79: 0 | H79: 3980 | I79: 0 | J79: 0
A80: 华东区 | B80: 苏州 | C80: 新签一部 | D80: 毛阿敏 | E80: 0 | F80: 0 | G80: 0 | H80: 114900 | I80: 2974 | J80: 0.025883377
A81: 华东区 | B81: 苏州 | C81: 新签一部 | D81: 章艺冬 | E81: 0 | F81: 1 | G81: 22800 | H81: 73800 | I81: 13642 | J81: 0.18485095
A82: 华东区 | B82: 苏州 | C82: 新签四部 | D82: 刘亚琦 | E82: 0 | F82: 1 | G82: 3380 | H82: 13714 | I82: 6354 | J82: 0.46332215
A83: 华东区 | B83: 苏州 | C83: 新签四部 | D83: 吕俊杰 | E83: 0 | F83: 1 | G83: 3380 | H83: 13520 | I83: 6354 | J83: 0.46997041
A84: 华东区 | B84: 苏州 | C84: 新签一部 | D84: 唐瑞祥 | E84: 0 | F84: 0 | G84: 0 | H84: 11740 | I84: 0 | J84: 0
A85: 华东区 | B85: 苏州 | C85: 通用行业一部 | D85: 刘海涛 | E85: 0 | F85: 0 | G85: 0 | H85: 4048 | I85: 0 | J85: 0
A86: 华东区 | B86: 苏州 | C86: 新签三部 | D86: 刘菲 | E86: 0 | F86: 0 | G86: 0 | H86: 43860 | I86: 33000 | J86: 0.75239398
A87: 华东区 | B87: 苏州 | C87: 新签一部 | D87: 唐盛鹏 | E87: 0 | F87: 0 | G87: 0 | H87: 7360 | I87: 3980 | J87: 0.54076087
A88: 华东区 | B88: 苏州 | C88: 地推一部 | D88: 张长春 | E88: 0 | F88: 0 | G88: 0 | H88: 0 | I88: 0
A89: 华东区 | B89: 苏州 | C89: 地推一部 | D89: 赵雨渲 | E89: 0 | F89: 0 | G89: 0 | H89: 0 | I89: 0
A90: 华东区 | B90: 苏州 | C90: 新签三部 | D90: 胡洋洋 | E90: 0 | F90: 0 | G90: 0 | H90: 11140 | I90: 10328 | J90: 0.92710952
A91: 华东区 | B91: 苏州 | C91: 新签三部 | D91: 胡露 | E91: 0 | F91: 1 | G91: 4380 | H91: 22874 | I91: 2974 | J91: 0.13001661
A92: 华东区 | B92: 苏州 | C92: 增值一部 | D92: 张玉蓉 | E92: 0 | F92: 0 | G92: 0 | H92: 246890 | I92: 82226 | J92: 0.33304711
A93: 华东区 | B93: 苏州 | C93: 增值一部 | D93: 吴兴颖 | E93: 1 | F93: 0 | G93: 0 | H93: 20100 | I93: 3502 | J93: 0.17422886
A94: 华东区 | B94: 苏州 | C94: 新签二部 | D94: 高宇鑫 | E94: 0 | F94: 1 | G94: 3980 | H94: 16902 | I94: 6974 | J94: 0.41261389
A95: 华东区 | B95: 苏州 | C95: 增值一部 | D95: 刘鲜耀 | E95: 0 | F95: 0 | G95: 0 | H95: 299501 | I95: 81993 | J95: 0.27376536
A96: 华东区 | B96: 苏州 | C96: 物流行业一部 | D96: 贺鹏 | E96: 0 | F96: 0 | G96: 0 | H96: 1157134 | I96: 79882 | J96: 0.069034356
A97: 华东区 | B97: 苏州 | C97: 新签三部 | D97: 张夫豪 | E97: 0 | F97: 1 | G97: 3980 | H97: 7360 | I97: 0 | J97: 0
A98: 华东区 | B98: 苏州 | C98: 增值一部 | D98: 沈坤鹏 | E98: 0 | F98: 0 | G98: 0 | H98: 44811 | I98: 20907 | J98: 0.46655955
A99: 华东区 | B99: 苏州 | C99: 地推一部 | D99: 徐皎 | E99: 0 | F99: 0 | G99: 0 | H99: 2640 | I99: 0 | J99: 0
A100: 华东区 | B100: 苏州 | C100: 物流行业一部 | D100: 陈学远 | E100: 0 | F100: 0 | G100: 0 | H100: 154908 | I100: 116908 | J100: 0.75469311
...

Sheet 各城市数据源
A1: city_name | B1: 济南
A2: (辅助)是否计算 | B2: 1
N3: 新签一部
A4: 部门 | B4: 主管 | C4: 销售 | D4: 司龄 | E4: 呼出电话数 | F4: 接通电话数 | G4: 求和项:当日接通率 | H4: 45s有效个数 | I4: 60s电话数 | J4: 180s电话数 | K4: 累计接通时长(min) | L4: 过审意向数 | N4: 新签二部
A5: 新签一部 | B5: 苗丽 | C5: 阚英博 | D5: 7月-12月 | E5: 146 | F5: 65 | G5: 0.44520548 | H5: 28 | I5: 19 | J5: 3 | K5: 56.3 | L5: 2 | N5: 新签三部
A6: 新签一部 | B6: 苗丽 | C6: 米立国 | D6: 3年以上 | E6: 139 | F6: 66 | G6: 0.47482014 | H6: 22 | I6: 14 | J6: 3 | K6: 54.533333 | L6: 0 | N6: 新签四部
A7: 新签一部 | B7: 苗丽 | C7: 曲峻谊 | D7: 7月-12月 | E7: 201 | F7: 74 | G7: 0.3681592 | H7: 22 | I7: 12 | J7: 3 | K7: 54.616667 | L7: 3 | N7: 新签五部
A8: 新签一部 | B8: 苗丽 | C8: 王冲亚 | D8: 7月-12月 | E8: 164 | F8: 63 | G8: 0.38414634 | H8: 25 | I8: 14 | J8: 0 | K8: 40.983333 | L8: 0 | N8: 增值一部
A9: 新签一部 | B9: 苗丽 | C9: 王凌霄 | D9: 7月-12月 | E9: 82 | F9: 35 | G9: 0.42682927 | H9: 27 | I9: 11 | J9: 1 | K9: 26.55 | L9: 1
A10: 新签一部 | B10: 苗丽 | C10: 张友金 | D10: 3年以上 | E10: 50 | F10: 19 | G10: 0.38 | H10: 19 | I10: 6 | J10: 0 | K10: 12.983333 | L10: 1
A11: 新签一部 | B11: 苗丽 | C11: 周万彪 | D11: 3年以上 | E11: 175 | F11: 86 | G11: 0.49142857 | H11: 36 | I11: 16 | J11: 2 | K11: 61.366667 | L11: 2
A12: 新签一部 | B12: 苗丽 | C12: 祖丞荙 | D12: 月内 | E12: 170 | F12: 80 | G12: 0.47058824 | H12: 23 | I12: 13 | J12: 1 | K12: 47.533333 | L12: 1
A13: 新签二部 | B13: 王荣琛 | C13: 杜晓涵 | D13: 7月-12月 | E13: 237 | F13: 117 | G13: 0.49367089 | H13: 31 | I13: 17 | J13: 1 | K13: 66.983333 | L13: 0
A14: 新签二部 | B14: 王荣琛 | C14: 李天圆 | D14: 4月-6月 | E14: 80 | F14: 35 | G14: 0.4375 | H14: 23 | I14: 18 | J14: 0 | K14: 38.033333 | L14: 2
A15: 新签二部 | B15: 王荣琛 | C15: 赵珂昊 | D15: 1-3月 | E15: 180 | F15: 78 | G15: 0.43333333 | H15: 28 | I15: 15 | J15: 4 | K15: 58.583333 | L15: 1
A16: 新签二部 | B16: 王荣琛 | C16: 刘意辉 | D16: 3年以上 | E16: 89 | F16: 40 | G16: 0.4494382 | H16: 15 | I16: 10 | J16: 2 | K16: 39.066667 | L16: 0
A17: 新签二部 | B17: 王荣琛 | C17: 陈宇晗 | D17: 1-3月 | E17: 267 | F17: 118 | G17: 0.44194757 | H17: 39 | I17: 15 | J17: 0 | K17: 68 | L17: 0
A18: 新签二部 | B18: 王荣琛 | C18: 潘建业 | D18: 月内 | E18: 283 | F18: 158 | G18: 0.55830389 | H18: 44 | I18: 28 | J18: 0 | K18: 97.316667 | L18: 0
A19: 新签二部 | B19: 王荣琛 | C19: 任芳菲 | D19: 月内 | E19: 266 | F19: 135 | G19: 0.5075188 | H19: 28 | I19: 24 | J19: 1 | K19: 72.85 | L19: 0
A20: 新签三部 | B20: 户桂浩 | C20: 高家豪 | D20: 4月-6月 | E20: 143 | F20: 57 | G20: 0.3986014 | H20: 24 | I20: 15 | J20: 0 | K20: 40.983333 | L20: 0
... A42: 增值一部 | B42: 时蒙蒙 | C42: 许晓倩 | D42: 1-3月 | E42: 148 | F42: 50 | G42: 0.33783784 | H42: 17 | I42: 8 | J42: 1 | K42: 30.383333 | L42: 0

Sheet 杭州发布
A1: =TODAY() -> 45538 | E1: 人均呼出量 | N1: 人均45s有效
A2: 18点应达到的指标 | B2: 部门 | C2: 主管 | D2: 销售 | E2: 总 | F2: 月内 | G2: 1-3月 | H2: 4月-6月 | I2: 7月-12月 | J2: 1年-2年 | K2: 2年-3年 | L2: 3年以上 | M2: 接通量 | N2: 接通率 | O2: 总 | P2: 月内 | Q2: 1月-3月 | R2: 4月-6月 | S2: 7月-12月 | T2: 1年-2年 | U2: 2年-3年 | V2: 3年以上 | W2: 60s有效 | X2: 180s有效 | Y2: 人均通话时长 | Z2: 人均意向新增 | AB2: 11点应达到的指标 | AC2: 12点应达到的指标 | AD2: 15点应达到的指标 | AE2: 16点应达到的指标 | AF2: 17点应达到的指标 | AG2: 18点应达到的指标
A3: =IF(LEFT(A2,2)="11",AB3,IF(LEFT(A2,2)="12",AC3,IF(LEFT(A2,2)="15",AD3,IF(LEFT(A2,2)="16",AE3,IF(LEFT(A2,2)="17",AF3,IF(LEFT(A2,2)="18",AG3,0)))))) -> 35个45s有效 | B3: 新签一部 | C3: 季伯承 | D3: =COUNTIFS($B$14:$B$272,B3,$F$14:$F$272,"<>0") -> 8 | E3: =AVERAGEIFS(F15:F173,B15:B173,B3) -> 182.25 | F3: =IFERROR(AVERAGEIFS($F$15:$F$173,$B$15:$B$173,$B3,$E$15:$E$173,F$2),"") | G3: =IFERROR(AVERAGEIFS($F$15:$F$173,$B$15:$B$173,$B3,$E$15:$E$173,G$2),"") | H3: =IFERROR(AVERAGEIFS($F$15:$F$173,$B$15:$B$173,$B3,$E$15:$E$173,H$2),"") -> 152 | I3: =IFERROR(AVERAGEIFS($F$15:$F$173,$B$15:$B$173,$B3,$E$15:$E$173,I$2),"") -> 212 | J3: =IFERROR(AVERAGEIFS($F$15:$F$173,$B$15:$B$173,$B3,$E$15:$E$173,J$2),"") | K3: =IFERROR(AVERAGEIFS($F$15:$F$173,$B$15:$B$173,$B3,$E$15:$E$173,K$2),"") -> 189 | L3: =IFERROR(AVERAGEIFS($F$15:$F$173,$B$15:$B$173,$B3,$E$15:$E$173,L$2),"") -> 179 | M3: =AVERAGEIFS(G$15:G$59,$B15:$B59,$B3) -> 81.375 | N3: =AVERAGEIFS(H$15:H$59,$B$15:$B$59,$B3) -> 0.44769946 | O3: =AVERAGEIFS(I$15:I$59,$B$15:$B$59,$B3) -> 25.75 | P3: =IFERROR(AVERAGEIFS($I$15:$I$173,$B$15:$B$173,$B3,$E$15:$E$173,F$2),"") | Q3: =IFERROR(AVERAGEIFS($I$15:$I$173,$B$15:$B$173,$B3,$E$15:$E$173,G$2),"") | R3: =IFERROR(AVERAGEIFS($I$15:$I$173,$B$15:$B$173,$B3,$E$15:$E$173,H$2),"") -> 34 | S3: =IFERROR(AVERAGEIFS($I$15:$I$173,$B$15:$B$173,$B3,$E$15:$E$173,I$2),"") -> 24 | T3: =IFERROR(AVERAGEIFS($I$15:$I$173,$B$15:$B$173,$B3,$E$15:$E$173,J$2),"") | U3: =IFERROR(AVERAGEIFS($I$15:$I$173,$B$15:$B$173,$B3,$E$15:$E$173,K$2),"") -> 29.5 | V3: =IFERROR(AVERAGEIFS($I$15:$I$173,$B$15:$B$173,$B3,$E$15:$E$173,L$2),"") -> 22.25 | W3: =AVERAGEIFS(J$15:J$59,$B$15:$B$59,$B3) -> 12.5 | X3: =AVERAGEIFS(K$15:K$59,$B$15:$B$59,$B3) -> 1.125 | Y3: =AVERAGEIFS(L$15:L$59,$B$15:$B$59,$B3) -> 48.802083 | Z3: =AVERAGEIFS(M$15:M$59,$B$15:$B$59,$B3) -> 0.125 | AB3: 9个45s有效 | AC3: 13个45s有效 | AD3: 20个45s有效 | AE3: 25个45s有效 | AF3: 30个45s有效 | AG3: 35个45s有效
A4: =IF(LEFT(A2,2)="11",AB3,IF(LEFT(A2,2)="12",AC3,IF(LEFT(A2,2)="15",AD3,IF(LEFT(A2,2)="16",AE3,IF(LEFT(A2,2)="17",AF3,IF(LEFT(A2,2)="18",AG3,0)))))) -> 35个45s有效 | B4: 新签二部 | C4: 徐小慧 | D4: =COUNTIFS($B$14:$B$272,B4,$F$14:$F$272,"<>0") -> 8 | E4: =AVERAGEIFS(F16:F174,B16:B174,B4) -> 156.375 | F4: =IFERROR(AVERAGEIFS($F$15:$F$173,$B$15:$B$173,$B4,$E$15:$E$173,F$2),"") -> 181 | G4: =IFERROR(AVERAGEIFS($F$15:$F$173,$B$15:$B$173,$B4,$E$15:$E$173,G$2),"") -> 62 | H4: =IFERROR(AVERAGEIFS($F$15:$F$173,$B$15:$B$173,$B4,$E$15:$E$173,H$2),"") -> 159.66667 | I4: =IFERROR(AVERAGEIFS($F$15:$F$173,$B$15:$B$173,$B4,$E$15:$E$173,I$2),"") -> 119 | J4: =IFERROR(AVERAGEIFS($F$15:$F$173,$B$15:$B$173,$B4,$E$15:$E$173,J$2),"") -> 69 | K4: =IFERROR(AVERAGEIFS($F$15:$F$173,$B$15:$B$173,$B4,$E$15:$E$173,K$2),"") | L4: =IFERROR(AVERAGEIFS($F$15:$F$173,$B$15:$B$173,$B4,$E$15:$E$173,L$2),"") -> 341 | M4: =AVERAGEIFS($G$15:$G$59,$B$15:$B$59,B4) -> 76.75 | N4: =AVERAGEIFS(H$15:H$59,$B$15:$B$59,$B4) -> 0.49400587 | O4: =AVERAGEIFS(I$15:I$59,$B$15:$B$59,$B4) -> 25 | P4: =IFERROR(AVERAGEIFS($I$15:$I$173,$B$15:$B$173,$B4,$E$15:$E$173,F$2),"") -> 35 | Q4: =IFERROR(AVERAGEIFS($I$15:$I$173,$B$15:$B$173,$B4,$E$15:$E$173,G$2),"") -> 30 | R4: =IFERROR(AVERAGEIFS($I$15:$I$173,$B$15:$B$173,$B4,$E$15:$E$173,H$2),"") -> 18.666667 | S4: =IFERROR(AVERAGEIFS($I$15:$I$173,$B$15:$B$173,$B4,$E$15:$E$173,I$2),"") -> 21 | T4: =IFERROR(AVERAGEIFS($I$15:$I$173,$B$15:$B$173,$B4,$E$15:$E$173,J$2),"") -> 27 | U4: =IFERROR(AVERAGEIFS($I$15:$I$173,$B$15:$B$173,$B4,$E$15:$E$173,K$2),"") | V4: =IFERROR(AVERAGEIFS($I$15:$I$173,$B$15:$B$173,$B4,$E$15:$E$173,L$2),"") -> 31 | W4: =AVERAGEIFS(J$15:J$59,$B$15:$B$59,$B4) -> 11.625 | X4: =AVERAGEIFS(K$15:K$59,$B$15:$B$59,$B4) -> 1.25 | Y4: =AVERAGEIFS(L$15:L$59,$B$15:$B$59,$B4) -> 49.660417 | Z4: =AVERAGEIFS(M$15:M$59,$B$15:$B$59,$B4) -> 0.5 | AB4: 9个46s有效 | AC4: 13个46s有效 | AD4: 20个46s有效 | AE4: 25个46s有效 | AF4: 30个46s有效 | AG4: 35个46s有效
A5: =IF(LEFT(A2,2)="11",AB3,IF(LEFT(A2,2)="12",AC3,IF(LEFT(A2,2)="15",AD3,IF(LEFT(A2,2)="16",AE3,IF(LEFT(A2,2)="17",AF3,IF(LEFT(A2,2)="18",AG3,0)))))) -> 35个45s有效 | B5: 新签三部 | C5: 向言康 | D5: =COUNTIFS($B$14:$B$272,B5,$F$14:$F$272,"<>0") -> 8 | E5: =AVERAGEIFS(F17:F175,B17:B175,B5) -> 185.625 | F5: =IFERROR(AVERAGEIFS($F$15:$F$173,$B$15:$B$173,$B5,$E$15:$E$173,F$2),"") -> 77 | G5: =IFERROR(AVERAGEIFS($F$15:$F$173,$B$15:$B$173,$B5,$E$15:$E$173,G$2),"") -> 217.75 | H5: =IFERROR(AVERAGEIFS($F$15:$F$173,$B$15:$B$173,$B5,$E$15:$E$173,H$2),"") | I5: =IFERROR(AVERAGEIFS($F$15:$F$173,$B$15:$B$173,$B5,$E$15:$E$173,I$2),"") -> 226 | J5: =IFERROR(AVERAGEIFS($F$15:$F$173,$B$15:$B$173,$B5,$E$15:$E$173,J$2),"") -> 155.5 | K5: =IFERROR(AVERAGEIFS($F$15:$F$173,$B$15:$B$173,$B5,$E$15:$E$173,K$2),"") | L5: =IFERROR(AVERAGEIFS($F$15:$F$173,$B$15:$B$173,$B5,$E$15:$E$173,L$2),"") | M5: =AVERAGEIFS($G$15:$G$59,$B$15:$B$59,B5) -> 87.75 | N5: =AVERAGEIFS(H$15:H$59,$B$15:$B$59,$B5) -> 0.48219213 | O5: =AVERAGEIFS(I$15:I$59,$B$15:$B$59,$B5) -> 27.625 | P5: =IFERROR(AVERAGEIFS($I$15:$I$173,$B$15:$B$173,$B5,$E$15:$E$173,F$2),"") -> 8 | Q5: =IFERROR(AVERAGEIFS($I$15:$I$173,$B$15:$B$173,$B5,$E$15:$E$173,G$2),"") -> 32 | R5: =IFERROR(AVERAGEIFS($I$15:$I$173,$B$15:$B$173,$B5,$E$15:$E$173,H$2),"") | S5: =IFERROR(AVERAGEIFS($I$15:$I$173,$B$15:$B$173,$B5,$E$15:$E$173,I$2),"") -> 33 | T5: =IFERROR(AVERAGEIFS($I$15:$I$173,$B$15:$B$173,$B5,$E$15:$E$173,J$2),"") -> 26 | U5: =IFERROR(AVERAGEIFS($I$15:$I$173,$B$15:$B$173,$B5,$E$15:$E$173,K$2),"") | V5: =IFERROR(AVERAGEIFS($I$15:$I$173,$B$15:$B$173,$B5,$E$15:$E$173,L$2),"") | W5: =AVERAGEIFS(J$15:J$59,$B$15:$B$59,$B5) -> 14.5 | X5: =AVERAGEIFS(K$15:K$59,$B$15:$B$59,$B5) -> 1.375 | Y5: =AVERAGEIFS(L$15:L$59,$B$15:$B$59,$B5) -> 53.4 | Z5: =AVERAGEIFS(M$15:M$59,$B$15:$B$59,$B5) -> 0.625 | AB5: 9个47s有效 | AC5: 13个47s有效 | AD5: 20个47s有效 | AE5: 25个47s有效 | AF5: 30个47s有效 | AG5: 35个47s有效
A6: =IF(LEFT(A2,2)="11",AB3,IF(LEFT(A2,2)="12",AC3,IF(LEFT(A2,2)="15",AD3,IF(LEFT(A2,2)="16",AE3,IF(LEFT(A2,2)="17",AF3,IF(LEFT(A2,2)="18",AG3,0)))))) -> 35个45s有效 | B6: 新签四部 | C6: 王帅 | D6: =COUNTIFS($B$14:$B$272,B6,$F$14:$F$272,"<>0") -> 8 | E6: =AVERAGEIFS(F18:F176,B18:B176,B6) -> 172.5 | F6: =IFERROR(AVERAGEIFS($F$15:$F$173,$B$15:$B$173,$B6,$E$15:$E$173,F$2),"") | G6: =IFERROR(AVERAGEIFS($F$15:$F$173,$B$15:$B$173,$B6,$E$15:$E$173,G$2),"") -> 155 | H6: =IFERROR(AVERAGEIFS($F$15:$F$173,$B$15:$B$173,$B6,$E$15:$E$173,H$2),"") -> 231 | I6: =IFERROR(AVERAGEIFS($F$15:$F$173,$B$15:$B$173,$B6,$E$15:$E$173,I$2),"") | J6: =IFERROR(AVERAGEIFS($F$15:$F$173,$B$15:$B$173,$B6,$E$15:$E$173,J$2),"") | K6: =IFERROR(AVERAGEIFS($F$15:$F$173,$B$15:$B$173,$B6,$E$15:$E$173,K$2),"") -> 183 | L6: =IFERROR(AVERAGEIFS($F$15:$F$173,$B$15:$B$173,$B6,$E$15:$E$173,L$2),"") -> 135 | M6: =AVERAGEIFS($G$15:$G$59,$B$15:$B$59,B6) -> 72.75 | N6: =AVERAGEIFS(H$15:H$59,$B$15:$B$59,$B6) -> 0.41455059 | O6: =AVERAGEIFS(I$15:I$59,$B$15:$B$59,$B6) -> 24.375 | P6: =IFERROR(AVERAGEIFS($I$15:$I$173,$B$15:$B$173,$B6,$E$15:$E$173,F$2),"") | Q6: =IFERROR(AVERAGEIFS($I$15:$I$173,$B$15:$B$173,$B6,$E$15:$E$173,G$2),"") -> 27.333333 | R6: =IFERROR(AVERAGEIFS($I$15:$I$173,$B$15:$B$173,$B6,$E$15:$E$173,H$2),"") -> 27.5 | S6: =IFERROR(AVERAGEIFS($I$15:$I$173,$B$15:$B$173,$B6,$E$15:$E$173,I$2),"") | T6: =IFERROR(AVERAGEIFS($I$15:$I$173,$B$15:$B$173,$B6,$E$15:$E$173,J$2),"") | U6: =IFERROR(AVERAGEIFS($I$15:$I$173,$B$15:$B$173,$B6,$E$15:$E$173,K$2),"") -> 17 | V6: =IFERROR(AVERAGEIFS($I$15:$I$173,$B$15:$B$173,$B6,$E$15:$E$173,L$2),"") -> 20.5 | W6: =AVERAGEIFS(J$15:J$59,$B$15:$B$59,$B6) -> 13.5 | X6: =AVERAGEIFS(K$15:K$59,$B$15:$B$59,$B6) -> 1.75 | Y6: =AVERAGEIFS(L$15:L$59,$B$15:$B$59,$B6) -> 51.775 | Z6: =AVERAGEIFS(M$15:M$59,$B$15:$B$59,$B6) -> 0 | AB6: 9个48s有效 | AC6: 13个48s有效 | AD6: 20个48s有效 | AE6: 25个48s有效 | AF6: 30个48s有效 | AG6: 35个48s有效
A7: =IF(LEFT(A2,2)="11",AB3,IF(LEFT(A2,2)="12",AC3,IF(LEFT(A2,2)="15",AD3,IF(LEFT(A2,2)="16",AE3,IF(LEFT(A2,2)="17",AF3,IF(LEFT(A2,2)="18",AG3,0)))))) -> 35个45s有效 | B7: 新签五部 | C7: 孙飞 | D7: =COUNTIFS($B$14:$B$272,B7,$F$14:$F$272,"<>0") -> 8 | E7: =AVERAGEIFS(F19:F177,B19:B177,B7) -> 103.75 | F7: =IFERROR(AVERAGEIFS($F$15:$F$173,$B$15:$B$173,$B7,$E$15:$E$173,F$2),"") | G7: =IFERROR(AVERAGEIFS($F$15:$F$173,$B$15:$B$173,$B7,$E$15:$E$173,G$2),"") -> 104.2 | H7: =IFERROR(AVERAGEIFS($F$15:$F$173,$B$15:$B$173,$B7,$E$15:$E$173,H$2),"") -> 45 | I7: =IFERROR(AVERAGEIFS($F$15:$F$173,$B$15:$B$173,$B7,$E$15:$E$173,I$2),"") | J7: =IFERROR(AVERAGEIFS($F$15:$F$173,$B$15:$B$173,$B7,$E$15:$E$173,J$2),"") | K7: =IFERROR(AVERAGEIFS($F$15:$F$173,$B$15:$B$173,$B7,$E$15:$E$173,K$2),"") | L7: =IFERROR(AVERAGEIFS($F$15:$F$173,$B$15:$B$173,$B7,$E$15:$E$173,L$2),"") -> 132 | M7: =AVERAGEIFS($G$15:$G$59,$B$15:$B$59,B7) -> 51 | N7: =AVERAGEIFS(H$15:H$59,$B$15:$B$59,$B7) -> 0.49163981 | O7: =AVERAGEIFS(I$15:I$59,$B$15:$B$59,$B7) -> 17.5 | P7: =IFERROR(AVERAGEIFS($I$15:$I$173,$B$15:$B$173,$B7,$E$15:$E$173,F$2),"") | Q7: =IFERROR(AVERAGEIFS($I$15:$I$173,$B$15:$B$173,$B7,$E$15:$E$173,G$2),"") -> 17.4 | R7: =IFERROR(AVERAGEIFS($I$15:$I$173,$B$15:$B$173,$B7,$E$15:$E$173,H$2),"") -> 5 | S7: =IFERROR(AVERAGEIFS($I$15:$I$173,$B$15:$B$173,$B7,$E$15:$E$173,I$2),"") | T7: =IFERROR(AVERAGEIFS($I$15:$I$173,$B$15:$B$173,$B7,$E$15:$E$173,J$2),"") | U7: =IFERROR(AVERAGEIFS($I$15:$I$173,$B$15:$B$173,$B7,$E$15:$E$173,K$2),"") | V7: =IFERROR(AVERAGEIFS($I$15:$I$173,$B$15:$B$173,$B7,$E$15:$E$173,L$2),"") -> 24 | W7: =AVERAGEIFS(J$15:J$59,$B$15:$B$59,$B7) -> 9.125 | X7: =AVERAGEIFS(K$15:K$59,$B$15:$B$59,$B7) -> 0.75 | Y7: =AVERAGEIFS(L$15:L$59,$B$15:$B$59,$B7) -> 32.564583 | Z7: =AVERAGEIFS(M$15:M$59,$B$15:$B$59,$B7) -> 0.375 | AB7: 9个49s有效 | AC7: 13个49s有效 | AD7: 20个49s有效 | AE7: 25个49s有效 | AF7: 30个49s有效 | AG7: 35个49s有效
A8: =IF(LEFT(A2,2)="11",AB8,IF(LEFT(A2,2)="12",AC8,IF(LEFT(A2,2)="15",AD8,IF(LEFT(A2,2)="16",AE8,IF(LEFT(A2,2)="17",AF8,IF(LEFT(A2,2)="18",AG8,0)))))) -> 30个45s有效 | B8: 增值一部 | C8: 魏子文 | D8: =COUNTIFS($B$14:$B$272,B8,$F$14:$F$272,"<>0") -> 8 | E8: =AVERAGEIFS(F19:F178,B19:B178,B8) -> 52.125 | F8: =IFERROR(AVERAGEIFS($F$15:$F$173,$B$15:$B$173,$B8,$E$15:$E$173,F$2),"") -> 251 | G8: =IFERROR(AVERAGEIFS($F$15:$F$173,$B$15:$B$173,$B8,$E$15:$E$173,G$2),"") -> 20 | H8: =IFERROR(AVERAGEIFS($F$15:$F$173,$B$15:$B$173,$B8,$E$15:$E$173,H$2),"") | I8: =IFERROR(AVERAGEIFS($F$15:$F$173,$B$15:$B$173,$B8,$E$15:$E$173,I$2),"") | J8: =IFERROR(AVERAGEIFS($F$15:$F$173,$B$15:$B$173,$B8,$E$15:$E$173,J$2),"") -> 26.666667 | K8: =IFERROR(AVERAGEIFS($F$15:$F$173,$B$15:$B$173,$B8,$E$15:$E$173,K$2),"") -> 14 | L8: =IFERROR(AVERAGEIFS($F$15:$F$173,$B$15:$B$173,$B8,$E$15:$E$173,L$2),"") -> 26 | M8: =AVERAGEIFS($G$15:$G$59,$B$15:$B$59,B8) -> 6.8 | N8: =AVERAGEIFS(H$15:H$59,$B$15:$B$59,$B8) -> 0.31497354 | O8: =AVERAGEIFS(I$15:I$59,$B$15:$B$59,$B8) -> 3.2 | P8: =IFERROR(AVERAGEIFS($I$15:$I$173,$B$15:$B$173,$B8,$E$15:$E$173,F$2),"") -> 31 | Q8: =IFERROR(AVERAGEIFS($I$15:$I$173,$B$15:$B$173,$B8,$E$15:$E$173,G$2),"") -> 4 | R8: =IFERROR(AVERAGEIFS($I$15:$I$173,$B$15:$B$173,$B8,$E$15:$E$173,H$2),"") | S8: =IFERROR(AVERAGEIFS($I$15:$I$173,$B$15:$B$173,$B8,$E$15:$E$173,I$2),"") | T8: =IFERROR(AVERAGEIFS($I$15:$I$173,$B$15:$B$173,$B8,$E$15:$E$173,J$2),"") -> 3.6666667 | U8: =IFERROR(AVERAGEIFS($I$15:$I$173,$B$15:$B$173,$B8,$E$15:$E$173,K$2),"") -> 4 | V8: =IFERROR(AVERAGEIFS($I$15:$I$173,$B$15:$B$173,$B8,$E$15:$E$173,L$2),"") -> 5.5 | W8: =AVERAGEIFS(J$15:J$59,$B$15:$B$59,$B8) -> 2 | X8: =AVERAGEIFS(K$15:K$59,$B$15:$B$59,$B8) -> 0.2 | Y8: =AVERAGEIFS(L$15:L$59,$B$15:$B$59,$B8) -> 6.64 | Z8: =AVERAGEIFS(M$15:M$59,$B$15:$B$59,$B8) -> 0 | AB8: 7个45s有效 | AC8: 11个50s有效 | AD8: 15个45s有效 | AE8: 21个45s有效 | AF8: 26个45s有效 | AG8: 30个45s有效
B9: 物流行业一部 | C9: 冯凯 | D9: =COUNTIFS($B$14:$B$17,B9,$F$14:$F$17,"<>0") -> 0 | E9: =IFERROR(SUMIFS([1]话务数据源!C:C,[1]话务数据源!A:A,B9,[1]话务数据源!P:P,1)/D9,"") | G9: =IFERROR(SUMIFS([1]话务数据源!C:C,[1]话务数据源!A:A,B9,[1]话务数据源!N:N,"0月-3月",[1]话务数据源!P:P,1)/COUNTIFS([1]话务数据源!A:A,B9,[1]话务数据源!N:N,"0月-3月",[1]话务数据源!P:P,1),"") | H9: =IFERROR(SUMIFS([1]话务数据源!C:C,[1]话务数据源!A:A,B9,[1]话务数据源!N:N,"4月-6月",[1]话务数据源!P:P,1)/COUNTIFS([1]话务数据源!A:A,B9,[1]话务数据源!N:N,"4月-6月",[1]话务数据源!P:P,1),"") | I9: =IFERROR(SUMIFS([1]话务数据源!C:C,[1]话务数据源!A:A,B9,[1]话务数据源!N:N,"7月-12月",[1]话务数据源!P:P,1)/COUNTIFS([1]话务数据源!A:A,B9,[1]话务数据源!N:N,"7月-12月",[1]话务数据源!P:P,1),"") | J9: =IFERROR(SUMIFS([1]话务数据源!C:C,[1]话务数据源!A:A,B9,[1]话务数据源!N:N,"1年-2年",[1]话务数据源!P:P,1)/COUNTIFS([1]话务数据源!A:A,B9,[1]话务数据源!N:N,"1年-2年",[1]话务数据源!P:P,1),"") | K9: =IFERROR(SUMIFS([1]话务数据源!C:C,[1]话务数据源!A:A,B9,[1]话务数据源!N:N,"2年-3年",[1]话务数据源!P:P,1)/COUNTIFS([1]话务数据源!A:A,B9,[1]话务数据源!N:N,"2年-3年",[1]话务数据源!P:P,1),"") | L9: =IFERROR(SUMIFS([1]话务数据源!C:C,[1]话务数据源!A:A,B9,[1]话务数据源!N:N,"3年以上",[1]话务数据源!P:P,1)/COUNTIFS([1]话务数据源!A:A,B9,[1]话务数据源!N:N,"3年以上",[1]话务数据源!P:P,1),"") | M9: =IFERROR(SUMIFS([1]话务数据源!D:D,[1]话务数据源!A:A,B9,[1]话务数据源!P:P,1)/D9,"") | N9: =IFERROR(M9/E9,"") | O9: =IFERROR(SUMIFS([1]话务数据源!O:O,[1]话务数据源!A:A,B9,[1]话务数据源!P:P,1)/D9,"") | Q9: =IFERROR(SUMIFS([1]话务数据源!O:O,[1]话务数据源!A:A,B9,[1]话务数据源!N:N,"0月-3月",[1]话务数据源!P:P,1)/COUNTIFS([1]话务数据源!A:A,B9,[1]话务数据源!N:N,"0月-3月",[1]话务数据源!P:P,1),"") | R9: =IFERROR(SUMIFS([1]话务数据源!O:O,[1]话务数据源!A:A,B9,[1]话务数据源!N:N,"4月-6月",[1]话务数据源!P:P,1)/COUNTIFS([1]话务数据源!A:A,B9,[1]话务数据源!N:N,"4月-6月",[1]话务数据源!P:P,1),"") | S9: =IFERROR(SUMIFS([1]话务数据源!O:O,[1]话务数据源!A:A,B9,[1]话务数据源!N:N,"7月-12月",[1]话务数据源!P:P,1)/COUNTIFS([1]话务数据源!A:A,B9,[1]话务数据源!N:N,"7月-12月",[1]话务数据源!P:P,1),"") | T9: =IFERROR(SUMIFS([1]话务数据源!O:O,[1]话务数据源!A:A,B9,[1]话务数据源!N:N,"1年-2年",[1]话务数据源!P:P,1)/COUNTIFS([1]话务数据源!A:A,B9,[1]话务数据源!N:N,"1年-2年",[1]话务数据源!P:P,1),"") | U9: =IFERROR(SUMIFS([1]话务数据源!O:O,[1]话务数据源!A:A,B9,[1]话务数据源!N:N,"2年-3年",[1]话务数据源!P:P,1)/COUNTIFS([1]话务数据源!A:A,B9,[1]话务数据源!N:N,"2年-3年",[1]话务数据源!P:P,1),"") | V9: =IFERROR(SUMIFS([1]话务数据源!O:O,[1]话务数据源!A:A,B9,[1]话务数据源!N:N,"3年以上",[1]话务数据源!P:P,1)/COUNTIFS([1]话务数据源!A:A,B9,[1]话务数据源!N:N,"3年以上",[1]话务数据源!P:P,1),"") | X9: =IFERROR(SUMIFS([1]话务数据源!F:F,[1]话务数据源!A:A,B9,[1]话务数据源!P:P,1)/D9,"") | Y9: =IFERROR(SUMIFS([1]话务数据源!H:H,[1]话务数据源!A:A,B9,[1]话务数据源!P:P,1)/D9,"") | Z9: =IFERROR(VLOOKUP(B9,[1]意向!B:E,2,FALSE)/D9,"")
B10: 通用行业一部 | C10: 武文强 | D10: =COUNTIFS($B$14:$B$17,B10,$F$14:$F$17,"<>0") -> 0 | E10: =IFERROR(SUMIFS([1]话务数据源!C:C,[1]话务数据源!A:A,B10,[1]话务数据源!P:P,1)/D10,"") | G10: =IFERROR(SUMIFS([1]话务数据源!C:C,[1]话务数据源!A:A,B10,[1]话务数据源!N:N,"0月-3月",[1]话务数据源!P:P,1)/COUNTIFS([1]话务数据源!A:A,B10,[1]话务数据源!N:N,"0月-3月",[1]话务数据源!P:P,1),"") | H10: =IFERROR(SUMIFS([1]话务数据源!C:C,[1]话务数据源!A:A,B10,[1]话务数据源!N:N,"4月-6月",[1]话务数据源!P:P,1)/COUNTIFS([1]话务数据源!A:A,B10,[1]话务数据源!N:N,"4月-6月",[1]话务数据源!P:P,1),"") | I10: =IFERROR(SUMIFS([1]话务数据源!C:C,[1]话务数据源!A:A,B10,[1]话务数据源!N:N,"7月-12月",[1]话务数据源!P:P,1)/COUNTIFS([1]话务数据源!A:A,B10,[1]话务数据源!N:N,"7月-12月",[1]话务数据源!P:P,1),"") | J10: =IFERROR(SUMIFS([1]话务数据源!C:C,[1]话务数据源!A:A,B10,[1]话务数据源!N:N,"1年-2年",[1]话务数据源!P:P,1)/COUNTIFS([1]话务数据源!A:A,B10,[1]话务数据源!N:N,"1年-2年",[1]话务数据源!P:P,1),"") | K10: =IFERROR(SUMIFS([1]话务数据源!C:C,[1]话务数据源!A:A,B10,[1]话务数据源!N:N,"2年-3年",[1]话务数据源!P:P,1)/COUNTIFS([1]话务数据源!A:A,B10,[1]话务数据源!N:N,"2年-3年",[1]话务数据源!P:P,1),"") | L10: =IFERROR(SUMIFS([1]话务数据源!C:C,[1]话务数据源!A:A,B10,[1]话务数据源!N:N,"3年以上",[1]话务数据源!P:P,1)/COUNTIFS([1]话务数据源!A:A,B10,[1]话务数据源!N:N,"3年以上",[1]话务数据源!P:P,1),"") | M10: =IFERROR(SUMIFS([1]话务数据源!D:D,[1]话务数据源!A:A,B10,[1]话务数据源!P:P,1)/D10,"") | N10: =IFERROR(M10/E10,"") | O10: =IFERROR(SUMIFS([1]话务数据源!O:O,[1]话务数据源!A:A,B10,[1]话务数据源!P:P,1)/D10,"") | Q10: =IFERROR(SUMIFS([1]话务数据源!O:O,[1]话务数据源!A:A,B10,[1]话务数据源!N:N,"0月-3月",[1]话务数据源!P:P,1)/COUNTIFS([1]话务数据源!A:A,B10,[1]话务数据源!N:N,"0月-3月",[1]话务数据源!P:P,1),"") | R10: =IFERROR(SUMIFS([1]话务数据源!O:O,[1]话务数据源!A:A,B10,[1]话务数据源!N:N,"4月-6月",[1]话务数据源!P:P,1)/COUNTIFS([1]话务数据源!A:A,B10,[1]话务数据源!N:N,"4月-6月",[1]话务数据源!P:P,1),"") | S10: =IFERROR(SUMIFS([1]话务数据源!O:O,[1]话务数据源!A:A,B10,[1]话务数据源!N:N,"7月-12月",[1]话务数据源!P:P,1)/COUNTIFS([1]话务数据源!A:A,B10,[1]话务数据源!N:N,"7月-12月",[1]话务数据源!P:P,1),"") | T10: =IFERROR(SUMIFS([1]话务数据源!O:O,[1]话务数据源!A:A,B10,[1]话务数据源!N:N,"1年-2年",[1]话务数据源!P:P,1)/COUNTIFS([1]话务数据源!A:A,B10,[1]话务数据源!N:N,"1年-2年",[1]话务数据源!P:P,1),"") | U10: =IFERROR(SUMIFS([1]话务数据源!O:O,[1]话务数据源!A:A,B10,[1]话务数据源!N:N,"2年-3年",[1]话务数据源!P:P,1)/COUNTIFS([1]话务数据源!A:A,B10,[1]话务数据源!N:N,"2年-3年",[1]话务数据源!P:P,1),"") | V10: =IFERROR(SUMIFS([1]话务数据源!O:O,[1]话务数据源!A:A,B10,[1]话务数据源!N:N,"3年以上",[1]话务数据源!P:P,1)/COUNTIFS([1]话务数据源!A:A,B10,[1]话务数据源!N:N,"3年以上",[1]话务数据源!P:P,1),"") | X10: =IFERROR(SUMIFS([1]话务数据源!F:F,[1]话务数据源!A:A,B10,[1]话务数据源!P:P,1)/D10,"") | Y10: =IFERROR(SUMIFS([1]话务数据源!H:H,[1]话务数据源!A:A,B10,[1]话务数据源!P:P,1)/D10,"") | Z10: =IFERROR(VLOOKUP(B10,[1]意向!B:E,2,FALSE)/D10,"")
B11: 地推一部 | C11: 朱杭勇 | D11: =COUNTIFS($B$14:$B$17,B11,$F$14:$F$17,"<>0") -> 0 | E11: =IFERROR(SUMIFS([1]话务数据源!C:C,[1]话务数据源!A:A,B11,[1]话务数据源!P:P,1)/D11,"") | G11: =IFERROR(SUMIFS([1]话务数据源!C:C,[1]话务数据源!A:A,B11,[1]话务数据源!N:N,"0月-3月",[1]话务数据源!P:P,1)/COUNTIFS([1]话务数据源!A:A,B11,[1]话务数据源!N:N,"0月-3月",[1]话务数据源!P:P,1),"") | H11: =IFERROR(SUMIFS([1]话务数据源!C:C,[1]话务数据源!A:A,B11,[1]话务数据源!N:N,"4月-6月",[1]话务数据源!P:P,1)/COUNTIFS([1]话务数据源!A:A,B11,[1]话务数据源!N:N,"4月-6月",[1]话务数据源!P:P,1),"") | I11: =IFERROR(SUMIFS([1]话务数据源!C:C,[1]话务数据源!A:A,B11,[1]话务数据源!N:N,"7月-12月",[1]话务数据源!P:P,1)/COUNTIFS([1]话务数据源!A:A,B11,[1]话务数据源!N:N,"7月-12月",[1]话务数据源!P:P,1),"") | J11: =IFERROR(SUMIFS([1]话务数据源!C:C,[1]话务数据源!A:A,B11,[1]话务数据源!N:N,"1年-2年",[1]话务数据源!P:P,1)/COUNTIFS([1]话务数据源!A:A,B11,[1]话务数据源!N:N,"1年-2年",[1]话务数据源!P:P,1),"") | K11: =IFERROR(SUMIFS([1]话务数据源!C:C,[1]话务数据源!A:A,B11,[1]话务数据源!N:N,"2年-3年",[1]话务数据源!P:P,1)/COUNTIFS([1]话务数据源!A:A,B11,[1]话务数据源!N:N,"2年-3年",[1]话务数据源!P:P,1),"") | L11: =IFERROR(SUMIFS([1]话务数据源!C:C,[1]话务数据源!A:A,B11,[1]话务数据源!N:N,"3年以上",[1]话务数据源!P:P,1)/COUNTIFS([1]话务数据源!A:A,B11,[1]话务数据源!N:N,"3年以上",[1]话务数据源!P:P,1),"") | M11: =IFERROR(SUMIFS([1]话务数据源!D:D,[1]话务数据源!A:A,B11,[1]话务数据源!P:P,1)/D11,"") | N11: =IFERROR(M11/E11,"") | O11: =IFERROR(SUMIFS([1]话务数据源!O:O,[1]话务数据源!A:A,B11,[1]话务数据源!P:P,1)/D11,"") | Q11: =IFERROR(SUMIFS([1]话务数据源!O:O,[1]话务数据源!A:A,B11,[1]话务数据源!N:N,"0月-3月",[1]话务数据源!P:P,1)/COUNTIFS([1]话务数据源!A:A,B11,[1]话务数据源!N:N,"0月-3月",[1]话务数据源!P:P,1),"") | R11: =IFERROR(SUMIFS([1]话务数据源!O:O,[1]话务数据源!A:A,B11,[1]话务数据源!N:N,"4月-6月",[1]话务数据源!P:P,1)/COUNTIFS([1]话务数据源!A:A,B11,[1]话务数据源!N:N,"4月-6月",[1]话务数据源!P:P,1),"") | S11: =IFERROR(SUMIFS([1]话务数据源!O:O,[1]话务数据源!A:A,B11,[1]话务数据源!N:N,"7月-12月",[1]话务数据源!P:P,1)/COUNTIFS([1]话务数据源!A:A,B11,[1]话务数据源!N:N,"7月-12月",[1]话务数据源!P:P,1),"") | T11: =IFERROR(SUMIFS([1]话务数据源!O:O,[1]话务数据源!A:A,B11,[1]话务数据源!N:N,"1年-2年",[1]话务数据源!P:P,1)/COUNTIFS([1]话务数据源!A:A,B11,[1]话务数据源!N:N,"1年-2年",[1]话务数据源!P:P,1),"") | U11: =IFERROR(SUMIFS([1]话务数据源!O:O,[1]话务数据源!A:A,B11,[1]话务数据源!N:N,"2年-3年",[1]话务数据源!P:P,1)/COUNTIFS([1]话务数据源!A:A,B11,[1]话务数据源!N:N,"2年-3年",[1]话务数据源!P:P,1),"") | V11: =IFERROR(SUMIFS([1]话务数据源!O:O,[1]话务数据源!A:A,B11,[1]话务数据源!N:N,"3年以上",[1]话务数据源!P:P,1)/COUNTIFS([1]话务数据源!A:A,B11,[1]话务数据源!N:N,"3年以上",[1]话务数据源!P:P,1),"") | X11: =IFERROR(SUMIFS([1]话务数据源!F:F,[1]话务数据源!A:A,B11,[1]话务数据源!P:P,1)/D11,"") | Y11: =IFERROR(SUMIFS([1]话务数据源!H:H,[1]话务数据源!A:A,B11,[1]话务数据源!P:P,1)/D11,"") | Z11: =IFERROR(VLOOKUP(B11,[1]意向!B:E,2,FALSE)/D11,"")
B12: 杭州 | C12: 金韵云 | D12: =SUM(D3:D11) -> 48 | E12: =SUM(F15:F167)/$D$12 -> 142.10417 | F12: =AVERAGEIFS($F$15:$F$59,$E$15:$E$59,F2) -> 129 | G12: =AVERAGEIFS($F$15:$F$59,$E$15:$E$59,G2) -> 138.5 | H12: =AVERAGEIFS($F$15:$F$59,$E$15:$E$59,H2) -> 162.57143 | I12: =AVERAGEIFS($F$15:$F$59,$E$15:$E$59,I2) -> 185.66667 | J12: =AVERAGEIFS($F$15:$F$59,$E$15:$E$59,J2) -> 88.4 | K12: =AVERAGEIFS($F$15:$F$59,$E$15:$E$59,K2) -> 143.75 | L12: =AVERAGEIFS($F$15:$F$59,$E$15:$E$59,L2) -> 160.1 | M12: =SUMPRODUCT($D$3:$D$11,M3:M11)/$D$12 -> 62.7375 | N12: =M12/E12 -> 0.44148952 | O12: =SUMPRODUCT(D3:D11,O3:O11)/D12 -> 20.575 | P12: =AVERAGEIFS($I$15:$I$59,$E$15:$E$59,F2) -> 21.5 | Q12: =AVERAGEIFS($I$15:$I$59,$E$15:$E$59,G2) -> 23.642857 | R12: =AVERAGEIFS($I$15:$I$59,$E$15:$E$59,H2) -> 21.428571 | S12: =AVERAGEIFS($I$15:$I$59,$E$15:$E$59,I2) -> 26 | T12: =AVERAGEIFS($I$15:$I$59,$E$15:$E$59,J2) -> 17.2 | U12: =AVERAGEIFS($I$15:$I$59,$E$15:$E$59,K2) -> 20 | V12: =AVERAGEIFS($I$15:$I$59,$E$15:$E$59,L2) -> 21 | W12: =SUMPRODUCT(W3:W11,$D$3:$D$11)/$D$12 -> 10.541667 | X12: =SUMPRODUCT(X3:X11,$D$3:$D$11)/$D$12 -> 1.075 | Y12: =SUMPRODUCT(Y3:Y11,$D$3:$D$11)/$D$12 -> 40.473681 | Z12: =SUMPRODUCT(Z3:Z11,$D$3:$D$11)/$D$12 -> 0.27083333
B13: ="截止"&LEFT(A2,3)&",新签话务/太阳， 杭州人均外呼量为"&TEXT(E12,0)&"/强， 45s有效"&TEXT(O12,"0.0")&"/强。 新签部门45s未达标的有:新签一部@季 ,人均45s有效"&TEXT(MIN(O3:O7),"0.0") -> 截止18点,新签话务/太阳， 杭州人均外呼量为142/强， 45s有效20.6/强。 新签部门45s未达标的有:新签一部@季 ,人均45s有效17.5 | C13: ="截止"&LEFT(A2,3)&"，增值一部"&L13&"位员工未达成规定指标， 新签部门"&TRIM(TEXT(M13,"# ?/?"))&"位员工未达成规定的行为指标" -> 截止18点，增值一部7位员工未达成规定指标， 新签部门4/5位员工未达成规定的行为指标 | L13: =IF(LEFT(A2,2)="11",COUNTIFS($B$17:$B$91,B8,I17:$I$91,"<"&LEFT(A8,1)),COUNTIFS($B$17:$B$91,B8,I17:$I$91,"<"&LEFT(A8,2))) -> 7 | M13: =IF(LEFT(A2,2)="11",COUNTIFS(I17:$I$91,"<"&LEFT(A6,1),B17:$B$91,"新签*")/COUNTIFS(I17:$I$91,"<>0",B17:$B$91,"新签*"),COUNTIFS(I17:$I$91,"<"&LEFT(A6,2),B17:$B$91,"新签*")/COUNTIFS(I17:$I$91,"<>0",B17:$B$91,"新签*")) -> 0.81578947
B14: 部门 | C14: 主管 | D14: 销售 | E14: 司龄段 | F14: 呼出量 | G14: 接通量 | H14: 接通率 | I14: 45s有效 | J14: 60秒有效 | K14: 180s有效 | L14: 通话时长 | M14: 今日意向新增
B15: 新签一部 | C15: 季伯承 | D15: 曹微微 | E15: 3年以上 | F15: 203 | G15: 81 | H15: 0.39901478 | I15: 26 | J15: 11 | K15: 0 | L15: 44.383333 | M15: 0 | AC15: =LEFT(AB15,2)
B16: 新签一部 | C16: 季伯承 | D16: 陈丽 | E16: 3年以上 | F16: 194 | G16: 85 | H16: 0.43814433 | I16: 30 | J16: 20 | K16: 1 | L16: 61.116667 | M16: 1
B17: 新签一部 | C17: 季伯承 | D17: 陈林 | E17: 7月-12月 | F17: 212 | G17: 108 | H17: 0.50943396 | I17: 24 | J17: 9 | K17: 3 | L17: 59.516667 | M17: 0
B18: 新签一部 | C18: 季伯承 | D18: 何锦 | E18: 2年-3年 | F18: 229 | G18: 94 | H18: 0.41048035 | I18: 21 | J18: 8 | K18: 0 | L18: 40.45 | M18: 0
B19: 新签一部 | C19: 季伯承 | D19: 李丹 | E19: 3年以上 | F19: 139 | G19: 59 | H19: 0.42446043 | I19: 15 | J19: 14 | K19: 5 | L19: 47.633333 | M19: 0
B20: 新签一部 | C20: 季伯承 | D20: 饶珊 | E20: 3年以上 | F20: 180 | G20: 81 | H20: 0.45 | I20: 18 | J20: 10 | K20: 0 | L20: 41.916667 | M20: 0
B21: 新签一部 | C21: 季伯承 | D21: 闫浩东 | E21: 2年-3年 | F21: 149 | G21: 70 | H21: 0.46979866 | I21: 38 | J21: 8 | K21: 0 | L21: 40.283333 | M21: 0
B22: 新签一部 | C22: 季伯承 | D22: 张贺楠 | E22: 4月-6月 | F22: 152 | G22: 73 | H22: 0.48026316 | I22: 34 | J22: 20 | K22: 0 | L22: 55.116667 | M22: 0
B23: 新签二部 | C23: 徐小慧 | D23: 何文瀚 | E23: 4月-6月 | F23: 160 | G23: 78 | H23: 0.4875 | I23: 24 | J23: 13 | K23: 2 | L23: 75.05 | M23: 0
B24: 新签二部 | C24: 徐小慧 | D24: 胡凯伦 | E24: 4月-6月 | F24: 192 | G24: 99 | H24: 0.515625 | I24: 13 | J24: 5 | K24: 1 | L24: 45.716667 | M24: 0
B25: 新签二部 | C25: 徐小慧 | D25: 楼鼎元 | E25: 4月-6月 | F25: 127 | G25: 66 | H25: 0.51968504 | I25: 19 | J25: 9 | K25: 0 | L25: 36.35 | M25: 0
B26: 新签二部 | C26: 徐小慧 | D26: 唐杰伟 | E26: 3年以上 | F26: 341 | G26: 146 | H26: 0.42815249 | I26: 31 | J26: 19 | K26: 2 | L26: 77.766667 | M26: 0
B27: 新签二部 | C27: 徐小慧 | D27: 吴琳 | E27: 7月-12月 | F27: 119 | G27: 50 | H27: 0.42016807 | I27: 21 | J27: 12 | K27: 2 | L27: 38.05 | M27: 0
... B62: 增值一部 | C62: 魏子文 | D62: 郑慧 | E62: 月内 | F62: 251 | G62: 94 | H62: 0.37450199 | I62: 31 | J62: 24 | K62: 2 | L62: 69.616667 | M62: 0

Sheet 青岛发布
A1: =TODAY() -> 45538 | E1: 人均呼出量 | N1: 人均45s有效
A2: 18点应达到的指标 | B2: 部门 | C2: 主管 | D2: 销售 | E2: 总 | F2: 月内 | G2: 1-3月 | H2: 4月-6月 | I2: 7月-12月 | J2: 1年-2年 | K2: 2年-3年 | L2: 3年以上 | M2: 接通量 | N2: 接通率 | O2: 总 | P2: 月内 | Q2: 1月-3月 | R2: 4月-6月 | S2: 7月-12月 | T2: 1年-2年 | U2: 2年-3年 | V2: 3年以上 | W2: 60s有效 | X2: 180s有效 | Y2: 人均通话时长 | Z2: 人均意向新增 | AB2: 11点应达到的指标 | AC2: 12点应达到的指标 | AD2: 15点应达到的指标 | AE2: 16点应达到的指标 | AF2: 17点应达到的指标 | AG2: 18点应达到的指标
A3: =IF(LEFT(A2,2)="11",AB3,IF(LEFT(A2,2)="12",AC3,IF(LEFT(A2,2)="15",AD3,IF(LEFT(A2,2)="16",AE3,IF(LEFT(A2,2)="17",AF3,IF(LEFT(A2,2)="18",AG3,0)))))) -> 35个45s有效 | B3: 新签一部 | C3: 张钧凯 | D3: =COUNTIFS($B$13:$B$266,B3,$F$13:$F$266,"<>0") -> 9 | E3: =AVERAGEIFS(F14:F167,B14:B167,B3) -> 80.333333 | F3: =IFERROR(AVERAGEIFS($F$14:$F$167,$B$14:$B$167,$B3,$E$14:$E$167,F$2),"") | G3: =IFERROR(AVERAGEIFS($F$14:$F$167,$B$14:$B$167,$B3,$E$14:$E$167,G$2),"") -> 87 | H3: =IFERROR(AVERAGEIFS($F$14:$F$167,$B$14:$B$167,$B3,$E$14:$E$167,H$2),"") -> 135.5 | I3: =IFERROR(AVERAGEIFS($F$14:$F$167,$B$14:$B$167,$B3,$E$14:$E$167,I$2),"") -> 17.5 | J3: =IFERROR(AVERAGEIFS($F$14:$F$167,$B$14:$B$167,$B3,$E$14:$E$167,J$2),"") -> 78 | K3: =IFERROR(AVERAGEIFS($F$14:$F$167,$B$14:$B$167,$B3,$E$14:$E$167,K$2),"") | L3: =IFERROR(AVERAGEIFS($F$14:$F$167,$B$14:$B$167,$B3,$E$14:$E$167,L$2),"") | M3: =AVERAGEIFS(G$14:G$48,$B14:$B48,$B3) -> 34.666667 | N3: =AVERAGEIFS(H$14:H$48,$B$14:$B$48,$B3) -> 0.43165188 | O3: =IFERROR(AVERAGEIFS(I$14:I$48,$B$14:$B$48,$B3,$C$14:$C$48,C3),0) -> 15 | P3: =IFERROR(AVERAGEIFS($I$14:$I$167,$B$14:$B$167,$B3,$E$14:$E$167,F$2),"") | Q3: =IFERROR(AVERAGEIFS($I$14:$I$167,$B$14:$B$167,$B3,$E$14:$E$167,G$2),"") -> 20 | R3: =IFERROR(AVERAGEIFS($I$14:$I$167,$B$14:$B$167,$B3,$E$14:$E$167,H$2),"") -> 19.5 | S3: =IFERROR(AVERAGEIFS($I$14:$I$167,$B$14:$B$167,$B3,$E$14:$E$167,I$2),"") -> 4.5 | T3: =IFERROR(AVERAGEIFS($I$14:$I$167,$B$14:$B$167,$B3,$E$14:$E$167,J$2),"") -> 13.5 | U3: =IFERROR(AVERAGEIFS($I$14:$I$167,$B$14:$B$167,$B3,$E$14:$E$167,K$2),"") | V3: =IFERROR(AVERAGEIFS($I$14:$I$167,$B$14:$B$167,$B3,$E$14:$E$167,L$2),"") | W3: =AVERAGEIFS(J$14:J$48,$B$14:$B$48,$B3) -> 8.8888889 | X3: =AVERAGEIFS(K$14:K$48,$B$14:$B$48,$B3) -> 2 | Y3: =AVERAGEIFS(L$14:L$48,$B$14:$B$48,$B3) -> 33.611111 | Z3: =AVERAGEIFS(M$14:M$48,$B$14:$B$48,$B3) -> 0.55555556 | AB3: 9个45s有效 | AC3: 13个45s有效 | AD3: 20个45s有效 | AE3: 25个45s有效 | AF3: 30个45s有效 | AG3: 35个45s有效
A4: =IF(LEFT(A2,2)="11",AB3,IF(LEFT(A2,2)="12",AC3,IF(LEFT(A2,2)="15",AD3,IF(LEFT(A2,2)="16",AE3,IF(LEFT(A2,2)="17",AF3,IF(LEFT(A2,2)="18",AG3,0)))))) -> 35个45s有效 | B4: 新签二部 | C4: 徐建华 | D4: =COUNTIFS($B$13:$B$266,B4,$F$13:$F$266,"<>0") -> 9 | E4: =AVERAGEIFS(F15:F168,B15:B168,B4) -> 159.44444 | F4: =IFERROR(AVERAGEIFS($F$14:$F$167,$B$14:$B$167,$B4,$E$14:$E$167,F$2),"") -> 177 | G4: =IFERROR(AVERAGEIFS($F$14:$F$167,$B$14:$B$167,$B4,$E$14:$E$167,G$2),"") -> 169.66667 | H4: =IFERROR(AVERAGEIFS($F$14:$F$167,$B$14:$B$167,$B4,$E$14:$E$167,H$2),"") | I4: =IFERROR(AVERAGEIFS($F$14:$F$167,$B$14:$B$167,$B4,$E$14:$E$167,I$2),"") -> 167 | J4: =IFERROR(AVERAGEIFS($F$14:$F$167,$B$14:$B$167,$B4,$E$14:$E$167,J$2),"") -> 112.5 | K4: =IFERROR(AVERAGEIFS($F$14:$F$167,$B$14:$B$167,$B4,$E$14:$E$167,K$2),"") -> 190 | L4: =IFERROR(AVERAGEIFS($F$14:$F$167,$B$14:$B$167,$B4,$E$14:$E$167,L$2),"") | M4: =AVERAGEIFS($G$14:$G$48,$B$14:$B$48,B4) -> 74.333333 | N4: =AVERAGEIFS(H$14:H$48,$B$14:$B$48,$B4) -> 0.46214526 | O4: =IFERROR(AVERAGEIFS(I$14:I$48,$B$14:$B$48,$B4,$C$14:$C$48,C4),0) -> 23.666667 | P4: =IFERROR(AVERAGEIFS($I$14:$I$167,$B$14:$B$167,$B4,$E$14:$E$167,F$2),"") -> 6 | Q4: =IFERROR(AVERAGEIFS($I$14:$I$167,$B$14:$B$167,$B4,$E$14:$E$167,G$2),"") -> 34 | R4: =IFERROR(AVERAGEIFS($I$14:$I$167,$B$14:$B$167,$B4,$E$14:$E$167,H$2),"") | S4: =IFERROR(AVERAGEIFS($I$14:$I$167,$B$14:$B$167,$B4,$E$14:$E$167,I$2),"") -> 27.5 | T4: =IFERROR(AVERAGEIFS($I$14:$I$167,$B$14:$B$167,$B4,$E$14:$E$167,J$2),"") -> 14 | U4: =IFERROR(AVERAGEIFS($I$14:$I$167,$B$14:$B$167,$B4,$E$14:$E$167,K$2),"") -> 22 | V4: =IFERROR(AVERAGEIFS($I$14:$I$167,$B$14:$B$167,$B4,$E$14:$E$167,L$2),"") | W4: =AVERAGEIFS(J$14:J$48,$B$14:$B$48,$B4) -> 12.444444 | X4: =AVERAGEIFS(K$14:K$48,$B$14:$B$48,$B4) -> 1.5555556 | Y4: =AVERAGEIFS(L$14:L$48,$B$14:$B$48,$B4) -> 49.47037 | Z4: =AVERAGEIFS(M$14:M$48,$B$14:$B$48,$B4) -> 0.11111111 | AB4: 9个46s有效 | AC4: 13个46s有效 | AD4: 20个46s有效 | AE4: 25个46s有效 | AF4: 30个46s有效 | AG4: 35个46s有效
A5: =IF(LEFT(A2,2)="11",AB3,IF(LEFT(A2,2)="12",AC3,IF(LEFT(A2,2)="15",AD3,IF(LEFT(A2,2)="16",AE3,IF(LEFT(A2,2)="17",AF3,IF(LEFT(A2,2)="18",AG3,0)))))) -> 35个45s有效 | B5: 新签三部 | C5: 张晓勇 | D5: =COUNTIFS($B$13:$B$266,B5,$F$13:$F$266,"<>0") -> 5 | E5: =AVERAGEIFS(F16:F169,B16:B169,B5) -> 187.8 | F5: =IFERROR(AVERAGEIFS($F$14:$F$167,$B$14:$B$167,$B5,$E$14:$E$167,F$2),"") -> 200 | G5: =IFERROR(AVERAGEIFS($F$14:$F$167,$B$14:$B$167,$B5,$E$14:$E$167,G$2),"") -> 173.66667 | H5: =IFERROR(AVERAGEIFS($F$14:$F$167,$B$14:$B$167,$B5,$E$14:$E$167,H$2),"") -> 218 | I5: =IFERROR(AVERAGEIFS($F$14:$F$167,$B$14:$B$167,$B5,$E$14:$E$167,I$2),"") | J5: =IFERROR(AVERAGEIFS($F$14:$F$167,$B$14:$B$167,$B5,$E$14:$E$167,J$2),"") | K5: =IFERROR(AVERAGEIFS($F$14:$F$167,$B$14:$B$167,$B5,$E$14:$E$167,K$2),"") | L5: =IFERROR(AVERAGEIFS($F$14:$F$167,$B$14:$B$167,$B5,$E$14:$E$167,L$2),"") | M5: =AVERAGEIFS($G$14:$G$48,$B$14:$B$48,B5) -> 82.2 | N5: =AVERAGEIFS(H$14:H$48,$B$14:$B$48,$B5) -> 0.43028861 | O5: =IFERROR(AVERAGEIFS(I$14:I$48,$B$14:$B$48,$B5,$C$14:$C$48,C5),0) -> 27.8 | P5: =IFERROR(AVERAGEIFS($I$14:$I$167,$B$14:$B$167,$B5,$E$14:$E$167,F$2),"") -> 15 | Q5: =IFERROR(AVERAGEIFS($I$14:$I$167,$B$14:$B$167,$B5,$E$14:$E$167,G$2),"") -> 31.333333 | R5: =IFERROR(AVERAGEIFS($I$14:$I$167,$B$14:$B$167,$B5,$E$14:$E$167,H$2),"") -> 30 | S5: =IFERROR(AVERAGEIFS($I$14:$I$167,$B$14:$B$167,$B5,$E$14:$E$167,I$2),"") | T5: =IFERROR(AVERAGEIFS($I$14:$I$167,$B$14:$B$167,$B5,$E$14:$E$167,J$2),"") | U5: =IFERROR(AVERAGEIFS($I$14:$I$167,$B$14:$B$167,$B5,$E$14:$E$167,K$2),"") | V5: =IFERROR(AVERAGEIFS($I$14:$I$167,$B$14:$B$167,$B5,$E$14:$E$167,L$2),"") | W5: =AVERAGEIFS(J$14:J$48,$B$14:$B$48,$B5) -> 12.6 | X5: =AVERAGEIFS(K$14:K$48,$B$14:$B$48,$B5) -> 1.4 | Y5: =AVERAGEIFS(L$14:L$48,$B$14:$B$48,$B5) -> 51.983333 | Z5: =AVERAGEIFS(M$14:M$48,$B$14:$B$48,$B5) -> 1.4 | AB5: 9个47s有效 | AC5: 13个47s有效 | AD5: 20个47s有效 | AE5: 25个47s有效 | AF5: 30个47s有效 | AG5: 35个47s有效
A6: =IF(LEFT(A2,2)="11",AB3,IF(LEFT(A2,2)="12",AC3,IF(LEFT(A2,2)="15",AD3,IF(LEFT(A2,2)="16",AE3,IF(LEFT(A2,2)="17",AF3,IF(LEFT(A2,2)="18",AG3,0)))))) -> 35个45s有效 | B6: 新签四部 | C6: 殷泽鹏 | D6: =COUNTIFS($B$13:$B$266,B6,$F$13:$F$266,"<>0") -> 7 | E6: =AVERAGEIFS(F17:F170,B17:B170,B6) -> 201.42857 | F6: =IFERROR(AVERAGEIFS($F$14:$F$167,$B$14:$B$167,$B6,$E$14:$E$167,F$2),"") | G6: =IFERROR(AVERAGEIFS($F$14:$F$167,$B$14:$B$167,$B6,$E$14:$E$167,G$2),"") -> 232.5 | H6: =IFERROR(AVERAGEIFS($F$14:$F$167,$B$14:$B$167,$B6,$E$14:$E$167,H$2),"") -> 108 | I6: =IFERROR(AVERAGEIFS($F$14:$F$167,$B$14:$B$167,$B6,$E$14:$E$167,I$2),"") | J6: =IFERROR(AVERAGEIFS($F$14:$F$167,$B$14:$B$167,$B6,$E$14:$E$167,J$2),"") -> 186 | K6: =IFERROR(AVERAGEIFS($F$14:$F$167,$B$14:$B$167,$B6,$E$14:$E$167,K$2),"") | L6: =IFERROR(AVERAGEIFS($F$14:$F$167,$B$14:$B$167,$B6,$E$14:$E$167,L$2),"") | M6: =AVERAGEIFS($G$14:$G$48,$B$14:$B$48,B6) -> 85.142857 | N6: =AVERAGEIFS(H$14:H$48,$B$14:$B$48,$B6) -> 0.42668249 | O6: =IFERROR(AVERAGEIFS(I$14:I$48,$B$14:$B$48,$B6,$C$14:$C$48,C6),0) -> 19.142857 | P6: =IFERROR(AVERAGEIFS($I$14:$I$167,$B$14:$B$167,$B6,$E$14:$E$167,F$2),"") | Q6: =IFERROR(AVERAGEIFS($I$14:$I$167,$B$14:$B$167,$B6,$E$14:$E$167,G$2),"") -> 15 | R6: =IFERROR(AVERAGEIFS($I$14:$I$167,$B$14:$B$167,$B6,$E$14:$E$167,H$2),"") -> 30 | S6: =IFERROR(AVERAGEIFS($I$14:$I$167,$B$14:$B$167,$B6,$E$14:$E$167,I$2),"") | T6: =IFERROR(AVERAGEIFS($I$14:$I$167,$B$14:$B$167,$B6,$E$14:$E$167,J$2),"") -> 22 | U6: =IFERROR(AVERAGEIFS($I$14:$I$167,$B$14:$B$167,$B6,$E$14:$E$167,K$2),"") | V6: =IFERROR(AVERAGEIFS($I$14:$I$167,$B$14:$B$167,$B6,$E$14:$E$167,L$2),"") | W6: =AVERAGEIFS(J$14:J$48,$B$14:$B$48,$B6) -> 12.142857 | X6: =AVERAGEIFS(K$14:K$48,$B$14:$B$48,$B6) -> 1.8571429 | Y6: =AVERAGEIFS(L$14:L$48,$B$14:$B$48,$B6) -> 47.945238 | Z6: =AVERAGEIFS(M$14:M$48,$B$14:$B$48,$B6) -> 0.71428571 | AB6: 9个48s有效 | AC6: 13个48s有效 | AD6: 20个48s有效 | AE6: 25个48s有效 | AF6: 30个48s有效 | AG6: 35个48s有效
A7: =IF(LEFT(A2,2)="11",AB7,IF(LEFT(A2,2)="12",AC7,IF(LEFT(A2,2)="15",AD7,IF(LEFT(A2,2)="16",AE7,IF(LEFT(A2,2)="17",AF7,IF(LEFT(A2,2)="18",AG7,0)))))) -> 30个45s有效 | B7: 增值一部 | C7: 明靖 | D7: =COUNTIFS($B$13:$B$266,B7,$F$13:$F$266,"<>0") -> 8 | E7: =AVERAGEIFS(F19:F172,B19:B172,B7) -> 23.25 | F7: =IFERROR(AVERAGEIFS($F$14:$F$167,$B$14:$B$167,$B7,$E$14:$E$167,F$2),"") | G7: =IFERROR(AVERAGEIFS($F$14:$F$167,$B$14:$B$167,$B7,$E$14:$E$167,G$2),"") -> 47 | H7: =IFERROR(AVERAGEIFS($F$14:$F$167,$B$14:$B$167,$B7,$E$14:$E$167,H$2),"") -> 26 | I7: =IFERROR(AVERAGEIFS($F$14:$F$167,$B$14:$B$167,$B7,$E$14:$E$167,I$2),"") -> 21.666667 | J7: =IFERROR(AVERAGEIFS($F$14:$F$167,$B$14:$B$167,$B7,$E$14:$E$167,J$2),"") -> 16 | K7: =IFERROR(AVERAGEIFS($F$14:$F$167,$B$14:$B$167,$B7,$E$14:$E$167,K$2),"") | L7: =IFERROR(AVERAGEIFS($F$14:$F$167,$B$14:$B$167,$B7,$E$14:$E$167,L$2),"") | M7: =AVERAGEIFS($G$14:$G$48,$B$14:$B$48,B7) -> 8 | N7: =AVERAGEIFS(H$14:H$48,$B$14:$B$48,$B7) -> 0.46342383 | O7: =IFERROR(AVERAGEIFS(I$14:I$48,$B$14:$B$48,$B7,$C$14:$C$48,C7),0) -> 4.2 | P7: =IFERROR(AVERAGEIFS($I$14:$I$167,$B$14:$B$167,$B7,$E$14:$E$167,F$2),"") | Q7: =IFERROR(AVERAGEIFS($I$14:$I$167,$B$14:$B$167,$B7,$E$14:$E$167,G$2),"") -> 14 | R7: =IFERROR(AVERAGEIFS($I$14:$I$167,$B$14:$B$167,$B7,$E$14:$E$167,H$2),"") -> 0 | S7: =IFERROR(AVERAGEIFS($I$14:$I$167,$B$14:$B$167,$B7,$E$14:$E$167,I$2),"") -> 5.3333333 | T7: =IFERROR(AVERAGEIFS($I$14:$I$167,$B$14:$B$167,$B7,$E$14:$E$167,J$2),"") -> 5 | U7: =IFERROR(AVERAGEIFS($I$14:$I$167,$B$14:$B$167,$B7,$E$14:$E$167,K$2),"") | V7: =IFERROR(AVERAGEIFS($I$14:$I$167,$B$14:$B$167,$B7,$E$14:$E$167,L$2),"") | W7: =AVERAGEIFS(J$14:J$48,$B$14:$B$48,$B7) -> 2.6 | X7: =AVERAGEIFS(K$14:K$48,$B$14:$B$48,$B7) -> 0.6 | Y7: =AVERAGEIFS(L$14:L$48,$B$14:$B$48,$B7) -> 8.91 | Z7: =AVERAGEIFS(M$14:M$48,$B$14:$B$48,$B7) -> 0 | AB7: 7个45s有效 | AC7: 11个50s有效 | AD7: 15个45s有效 | AE7: 21个45s有效 | AF7: 26个45s有效 | AG7: 30个45s有效
B8: 物流行业一部 | C8: 冯凯 | D8: =COUNTIFS($B$13:$B$16,B8,$F$13:$F$16,"<>0") -> 0 | E8: =IFERROR(SUMIFS([1]话务数据源!C:C,[1]话务数据源!A:A,B8,[1]话务数据源!P:P,1)/D8,"") | G8: =IFERROR(SUMIFS([1]话务数据源!C:C,[1]话务数据源!A:A,B8,[1]话务数据源!N:N,"0月-3月",[1]话务数据源!P:P,1)/COUNTIFS([1]话务数据源!A:A,B8,[1]话务数据源!N:N,"0月-3月",[1]话务数据源!P:P,1),"") | H8: =IFERROR(SUMIFS([1]话务数据源!C:C,[1]话务数据源!A:A,B8,[1]话务数据源!N:N,"4月-6月",[1]话务数据源!P:P,1)/COUNTIFS([1]话务数据源!A:A,B8,[1]话务数据源!N:N,"4月-6月",[1]话务数据源!P:P,1),"") | I8: =IFERROR(SUMIFS([1]话务数据源!C:C,[1]话务数据源!A:A,B8,[1]话务数据源!N:N,"7月-12月",[1]话务数据源!P:P,1)/COUNTIFS([1]话务数据源!A:A,B8,[1]话务数据源!N:N,"7月-12月",[1]话务数据源!P:P,1),"") | J8: =IFERROR(SUMIFS([1]话务数据源!C:C,[1]话务数据源!A:A,B8,[1]话务数据源!N:N,"1年-2年",[1]话务数据源!P:P,1)/COUNTIFS([1]话务数据源!A:A,B8,[1]话务数据源!N:N,"1年-2年",[1]话务数据源!P:P,1),"") | K8: =IFERROR(SUMIFS([1]话务数据源!C:C,[1]话务数据源!A:A,B8,[1]话务数据源!N:N,"2年-3年",[1]话务数据源!P:P,1)/COUNTIFS([1]话务数据源!A:A,B8,[1]话务数据源!N:N,"2年-3年",[1]话务数据源!P:P,1),"") | L8: =IFERROR(SUMIFS([1]话务数据源!C:C,[1]话务数据源!A:A,B8,[1]话务数据源!N:N,"3年以上",[1]话务数据源!P:P,1)/COUNTIFS([1]话务数据源!A:A,B8,[1]话务数据源!N:N,"3年以上",[1]话务数据源!P:P,1),"") | M8: =IFERROR(SUMIFS([1]话务数据源!D:D,[1]话务数据源!A:A,B8,[1]话务数据源!P:P,1)/D8,"") | N8: =IFERROR(M8/E8,"") | O8: =IFERROR(SUMIFS([1]话务数据源!O:O,[1]话务数据源!A:A,B8,[1]话务数据源!P:P,1)/D8,"") | Q8: =IFERROR(SUMIFS([1]话务数据源!O:O,[1]话务数据源!A:A,B8,[1]话务数据源!N:N,"0月-3月",[1]话务数据源!P:P,1)/COUNTIFS([1]话务数据源!A:A,B8,[1]话务数据源!N:N,"0月-3月",[1]话务数据源!P:P,1),"") | R8: =IFERROR(SUMIFS([1]话务数据源!O:O,[1]话务数据源!A:A,B8,[1]话务数据源!N:N,"4月-6月",[1]话务数据源!P:P,1)/COUNTIFS([1]话务数据源!A:A,B8,[1]话务数据源!N:N,"4月-6月",[1]话务数据源!P:P,1),"") | S8: =IFERROR(SUMIFS([1]话务数据源!O:O,[1]话务数据源!A:A,B8,[1]话务数据源!N:N,"7月-12月",[1]话务数据源!P:P,1)/COUNTIFS([1]话务数据源!A:A,B8,[1]话务数据源!N:N,"7月-12月",[1]话务数据源!P:P,1),"") | T8: =IFERROR(SUMIFS([1]话务数据源!O:O,[1]话务数据源!A:A,B8,[1]话务数据源!N:N,"1年-2年",[1]话务数据源!P:P,1)/COUNTIFS([1]话务数据源!A:A,B8,[1]话务数据源!N:N,"1年-2年",[1]话务数据源!P:P,1),"") | U8: =IFERROR(SUMIFS([1]话务数据源!O:O,[1]话务数据源!A:A,B8,[1]话务数据源!N:N,"2年-3年",[1]话务数据源!P:P,1)/COUNTIFS([1]话务数据源!A:A,B8,[1]话务数据源!N:N,"2年-3年",[1]话务数据源!P:P,1),"") | V8: =IFERROR(SUMIFS([1]话务数据源!O:O,[1]话务数据源!A:A,B8,[1]话务数据源!N:N,"3年以上",[1]话务数据源!P:P,1)/COUNTIFS([1]话务数据源!A:A,B8,[1]话务数据源!N:N,"3年以上",[1]话务数据源!P:P,1),"") | X8: =IFERROR(SUMIFS([1]话务数据源!F:F,[1]话务数据源!A:A,B8,[1]话务数据源!P:P,1)/D8,"") | Y8: =IFERROR(SUMIFS([1]话务数据源!H:H,[1]话务数据源!A:A,B8,[1]话务数据源!P:P,1)/D8,"") | Z8: =IFERROR(VLOOKUP(B8,[1]意向!B:E,2,FALSE)/D8,"")
B9: 通用行业一部 | C9: 武文强 | D9: =COUNTIFS($B$13:$B$16,B9,$F$13:$F$16,"<>0") -> 0 | E9: =IFERROR(SUMIFS([1]话务数据源!C:C,[1]话务数据源!A:A,B9,[1]话务数据源!P:P,1)/D9,"") | G9: =IFERROR(SUMIFS([1]话务数据源!C:C,[1]话务数据源!A:A,B9,[1]话务数据源!N:N,"0月-3月",[1]话务数据源!P:P,1)/COUNTIFS([1]话务数据源!A:A,B9,[1]话务数据源!N:N,"0月-3月",[1]话务数据源!P:P,1),"") | H9: =IFERROR(SUMIFS([1]话务数据源!C:C,[1]话务数据源!A:A,B9,[1]话务数据源!N:N,"4月-6月",[1]话务数据源!P:P,1)/COUNTIFS([1]话务数据源!A:A,B9,[1]话务数据源!N:N,"4月-6月",[1]话务数据源!P:P,1),"") | I9: =IFERROR(SUMIFS([1]话务数据源!C:C,[1]话务数据源!A:A,B9,[1]话务数据源!N:N,"7月-12月",[1]话务数据源!P:P,1)/COUNTIFS([1]话务数据源!A:A,B9,[1]话务数据源!N:N,"7月-12月",[1]话务数据源!P:P,1),"") | J9: =IFERROR(SUMIFS([1]话务数据源!C:C,[1]话务数据源!A:A,B9,[1]话务数据源!N:N,"1年-2年",[1]话务数据源!P:P,1)/COUNTIFS([1]话务数据源!A:A,B9,[1]话务数据源!N:N,"1年-2年",[1]话务数据源!P:P,1),"") | K9: =IFERROR(SUMIFS([1]话务数据源!C:C,[1]话务数据源!A:A,B9,[1]话务数据源!N:N,"2年-3年",[1]话务数据源!P:P,1)/COUNTIFS([1]话务数据源!A:A,B9,[1]话务数据源!N:N,"2年-3年",[1]话务数据源!P:P,1),"") | L9: =IFERROR(SUMIFS([1]话务数据源!C:C,[1]话务数据源!A:A,B9,[1]话务数据源!N:N,"3年以上",[1]话务数据源!P:P,1)/COUNTIFS([1]话务数据源!A:A,B9,[1]话务数据源!N:N,"3年以上",[1]话务数据源!P:P,1),"") | M9: =IFERROR(SUMIFS([1]话务数据源!D:D,[1]话务数据源!A:A,B9,[1]话务数据源!P:P,1)/D9,"") | N9: =IFERROR(M9/E9,"") | O9: =IFERROR(SUMIFS([1]话务数据源!O:O,[1]话务数据源!A:A,B9,[1]话务数据源!P:P,1)/D9,"") | Q9: =IFERROR(SUMIFS([1]话务数据源!O:O,[1]话务数据源!A:A,B9,[1]话务数据源!N:N,"0月-3月",[1]话务数据源!P:P,1)/COUNTIFS([1]话务数据源!A:A,B9,[1]话务数据源!N:N,"0月-3月",[1]话务数据源!P:P,1),"") | R9: =IFERROR(SUMIFS([1]话务数据源!O:O,[1]话务数据源!A:A,B9,[1]话务数据源!N:N,"4月-6月",[1]话务数据源!P:P,1)/COUNTIFS([1]话务数据源!A:A,B9,[1]话务数据源!N:N,"4月-6月",[1]话务数据源!P:P,1),"") | S9: =IFERROR(SUMIFS([1]话务数据源!O:O,[1]话务数据源!A:A,B9,[1]话务数据源!N:N,"7月-12月",[1]话务数据源!P:P,1)/COUNTIFS([1]话务数据源!A:A,B9,[1]话务数据源!N:N,"7月-12月",[1]话务数据源!P:P,1),"") | T9: =IFERROR(SUMIFS([1]话务数据源!O:O,[1]话务数据源!A:A,B9,[1]话务数据源!N:N,"1年-2年",[1]话务数据源!P:P,1)/COUNTIFS([1]话务数据源!A:A,B9,[1]话务数据源!N:N,"1年-2年",[1]话务数据源!P:P,1),"") | U9: =IFERROR(SUMIFS([1]话务数据源!O:O,[1]话务数据源!A:A,B9,[1]话务数据源!N:N,"2年-3年",[1]话务数据源!P:P,1)/COUNTIFS([1]话务数据源!A:A,B9,[1]话务数据源!N:N,"2年-3年",[1]话务数据源!P:P,1),"") | V9: =IFERROR(SUMIFS([1]话务数据源!O:O,[1]话务数据源!A:A,B9,[1]话务数据源!N:N,"3年以上",[1]话务数据源!P:P,1)/COUNTIFS([1]话务数据源!A:A,B9,[1]话务数据源!N:N,"3年以上",[1]话务数据源!P:P,1),"") | X9: =IFERROR(SUMIFS([1]话务数据源!F:F,[1]话务数据源!A:A,B9,[1]话务数据源!P:P,1)/D9,"") | Y9: =IFERROR(SUMIFS([1]话务数据源!H:H,[1]话务数据源!A:A,B9,[1]话务数据源!P:P,1)/D9,"") | Z9: =IFERROR(VLOOKUP(B9,[1]意向!B:E,2,FALSE)/D9,"")
B10: 地推一部 | C10: 朱杭勇 | D10: =COUNTIFS($B$13:$B$16,B10,$F$13:$F$16,"<>0") -> 0 | E10: =IFERROR(SUMIFS([1]话务数据源!C:C,[1]话务数据源!A:A,B10,[1]话务数据源!P:P,1)/D10,"") | G10: =IFERROR(SUMIFS([1]话务数据源!C:C,[1]话务数据源!A:A,B10,[1]话务数据源!N:N,"0月-3月",[1]话务数据源!P:P,1)/COUNTIFS([1]话务数据源!A:A,B10,[1]话务数据源!N:N,"0月-3月",[1]话务数据源!P:P,1),"") | H10: =IFERROR(SUMIFS([1]话务数据源!C:C,[1]话务数据源!A:A,B10,[1]话务数据源!N:N,"4月-6月",[1]话务数据源!P:P,1)/COUNTIFS([1]话务数据源!A:A,B10,[1]话务数据源!N:N,"4月-6月",[1]话务数据源!P:P,1),"") | I10: =IFERROR(SUMIFS([1]话务数据源!C:C,[1]话务数据源!A:A,B10,[1]话务数据源!N:N,"7月-12月",[1]话务数据源!P:P,1)/COUNTIFS([1]话务数据源!A:A,B10,[1]话务数据源!N:N,"7月-12月",[1]话务数据源!P:P,1),"") | J10: =IFERROR(SUMIFS([1]话务数据源!C:C,[1]话务数据源!A:A,B10,[1]话务数据源!N:N,"1年-2年",[1]话务数据源!P:P,1)/COUNTIFS([1]话务数据源!A:A,B10,[1]话务数据源!N:N,"1年-2年",[1]话务数据源!P:P,1),"") | K10: =IFERROR(SUMIFS([1]话务数据源!C:C,[1]话务数据源!A:A,B10,[1]话务数据源!N:N,"2年-3年",[1]话务数据源!P:P,1)/COUNTIFS([1]话务数据源!A:A,B10,[1]话务数据源!N:N,"2年-3年",[1]话务数据源!P:P,1),"") | L10: =IFERROR(SUMIFS([1]话务数据源!C:C,[1]话务数据源!A:A,B10,[1]话务数据源!N:N,"3年以上",[1]话务数据源!P:P,1)/COUNTIFS([1]话务数据源!A:A,B10,[1]话务数据源!N:N,"3年以上",[1]话务数据源!P:P,1),"") | M10: =IFERROR(SUMIFS([1]话务数据源!D:D,[1]话务数据源!A:A,B10,[1]话务数据源!P:P,1)/D10,"") | N10: =IFERROR(M10/E10,"") | O10: =IFERROR(SUMIFS([1]话务数据源!O:O,[1]话务数据源!A:A,B10,[1]话务数据源!P:P,1)/D10,"") | Q10: =IFERROR(SUMIFS([1]话务数据源!O:O,[1]话务数据源!A:A,B10,[1]话务数据源!N:N,"0月-3月",[1]话务数据源!P:P,1)/COUNTIFS([1]话务数据源!A:A,B10,[1]话务数据源!N:N,"0月-3月",[1]话务数据源!P:P,1),"") | R10: =IFERROR(SUMIFS([1]话务数据源!O:O,[1]话务数据源!A:A,B10,[1]话务数据源!N:N,"4月-6月",[1]话务数据源!P:P,1)/COUNTIFS([1]话务数据源!A:A,B10,[1]话务数据源!N:N,"4月-6月",[1]话务数据源!P:P,1),"") | S10: =IFERROR(SUMIFS([1]话务数据源!O:O,[1]话务数据源!A:A,B10,[1]话务数据源!N:N,"7月-12月",[1]话务数据源!P:P,1)/COUNTIFS([1]话务数据源!A:A,B10,[1]话务数据源!N:N,"7月-12月",[1]话务数据源!P:P,1),"") | T10: =IFERROR(SUMIFS([1]话务数据源!O:O,[1]话务数据源!A:A,B10,[1]话务数据源!N:N,"1年-2年",[1]话务数据源!P:P,1)/COUNTIFS([1]话务数据源!A:A,B10,[1]话务数据源!N:N,"1年-2年",[1]话务数据源!P:P,1),"") | U10: =IFERROR(SUMIFS([1]话务数据源!O:O,[1]话务数据源!A:A,B10,[1]话务数据源!N:N,"2年-3年",[1]话务数据源!P:P,1)/COUNTIFS([1]话务数据源!A:A,B10,[1]话务数据源!N:N,"2年-3年",[1]话务数据源!P:P,1),"") | V10: =IFERROR(SUMIFS([1]话务数据源!O:O,[1]话务数据源!A:A,B10,[1]话务数据源!N:N,"3年以上",[1]话务数据源!P:P,1)/COUNTIFS([1]话务数据源!A:A,B10,[1]话务数据源!N:N,"3年以上",[1]话务数据源!P:P,1),"") | X10: =IFERROR(SUMIFS([1]话务数据源!F:F,[1]话务数据源!A:A,B10,[1]话务数据源!P:P,1)/D10,"") | Y10: =IFERROR(SUMIFS([1]话务数据源!H:H,[1]话务数据源!A:A,B10,[1]话务数据源!P:P,1)/D10,"") | Z10: =IFERROR(VLOOKUP(B10,[1]意向!B:E,2,FALSE)/D10,"")
B11: 青岛 | C11: 陈云扬 | D11: =SUM(D3:D10) -> 38 | E11: =SUM(F14:F78)/$D$11 -> 123.5 | F11: =AVERAGEIFS($F$14:$F$48,$E$14:$E$48,F2) -> 188.5 | G11: =AVERAGEIFS($F$14:$F$48,$E$14:$E$48,G2) -> 170.84615 | H11: =AVERAGEIFS($F$14:$F$48,$E$14:$E$48,H2) -> 124.6 | I11: =AVERAGEIFS($F$14:$F$48,$E$14:$E$48,I2) -> 62 | J11: =AVERAGEIFS($F$14:$F$48,$E$14:$E$48,J2) -> 108.71429 | K11: {=IFERROR(AVERAGEIFS($F$14:$F$48,$E$14:$E$48,K2)," ")} -> 190 | L11: =IFERROR(AVERAGEIFS($F$14:$F$48,$E$14:$E$48,L2),0) -> 0 | M11: =SUMPRODUCT($D$3:$D$10,M3:M10)/$D$11 -> 54 | N11: =M11/E11 -> 0.43724696 | O11: =SUMPRODUCT(D3:D10,O3:O10)/D11 -> 17.226316 | P11: =AVERAGEIFS($I$14:$I$48,$E$14:$E$48,F2) -> 10.5 | Q11: =AVERAGEIFS($I$14:$I$48,$E$14:$E$48,G2) -> 24.307692 | R11: =AVERAGEIFS($I$14:$I$48,$E$14:$E$48,H2) -> 19.8 | S11: =AVERAGEIFS($I$14:$I$48,$E$14:$E$48,I2) -> 11.428571 | T11: =AVERAGEIFS($I$14:$I$48,$E$14:$E$48,J2) -> 14.857143 | U11: {=IFERROR(AVERAGEIFS($I$14:$I$48,$E$14:$E$48,K2)," ")} -> 22 | V11: =IFERROR(AVERAGEIFS($I$14:$I$48,$E$14:$E$48,L2),0) -> 0 | W11: =SUMPRODUCT(W3:W10,$D$3:$D$10)/$D$11 -> 9.4947368 | X11: =SUMPRODUCT(X3:X10,$D$3:$D$10)/$D$11 -> 1.4947368 | Y11: =SUMPRODUCT(Y3:Y10,$D$3:$D$10)/$D$11 -> 37.224912 | Z11: =SUMPRODUCT(Z3:Z10,$D$3:$D$10)/$D$11 -> 0.47368421
B12: ="截止"&LEFT(A2,3)&",新签话务/太阳， 青岛人均外呼量为"&TEXT(E11,0)&"/强， 45s有效"&TEXT(O11,"0.0")&"/强。 新签部门45s未达标的有:新签一部@季 ,人均45s有效"&TEXT(MIN(O3:O6),"0.0") -> 截止18点,新签话务/太阳， 青岛人均外呼量为124/强， 45s有效17.2/强。 新签部门45s未达标的有:新签一部@季 ,人均45s有效15.0 | C12: ="截止"&LEFT(A2,3)&"，增值一部"&L12&"位员工未达成规定指标， 新签部门"&TRIM(TEXT(M12,"# ?/?"))&"位员工未达成规定的行为指标" -> 截止18点，增值一部8位员工未达成规定指标， 新签部门8/9位员工未达成规定的行为指标 | L12: =IF(LEFT(A2,2)="11",COUNTIFS($B$16:$B$85,B7,I16:$I$85,"<"&LEFT(A7,1)),COUNTIFS($B$16:$B$85,B7,I16:$I$85,"<"&LEFT(A7,2))) -> 8 | M12: =IF(LEFT(A2,2)="11",COUNTIFS(I16:$I$85,"<"&LEFT(A6,1),B16:$B$85,"新签*")/COUNTIFS(I16:$I$85,"<>0",B16:$B$85,"新签*"),COUNTIFS(I16:$I$85,"<"&LEFT(A6,2),B16:$B$85,"新签*")/COUNTIFS(I16:$I$85,"<>0",B16:$B$85,"新签*")) -> 0.89285714
B13: 部门 | C13: 主管 | D13: 销售 | E13: 司龄段 | F13: 呼出量 | G13: 接通量 | H13: 接通率 | I13: 45s有效 | J13: 60秒有效 | K13: 180s有效 | L13: 通话时长 | M13: 今日意向新增
B14: 新签一部 | C14: 张钧凯 | D14: 董坤 | E14: 1年-2年 | F14: 95 | G14: 35 | H14: 0.36842105 | I14: 15 | J14: 12 | K14: 5 | L14: 42.65 | M14: 2 | AC14: =LEFT(AB14,2)
B15: 新签一部 | C15: 张钧凯 | D15: 刘帅帅 | E15: 7月-12月 | F15: 28 | G15: 13 | H15: 0.46428571 | I15: 7 | J15: 4 | K15: 0 | L15: 10.533333 | M15: 0 | AB15: 新签部门较低的是新签三部@
B16: 新签一部 | C16: 张钧凯 | D16: 刘艺 | E16: 4月-6月 | F16: 151 | G16: 64 | H16: 0.42384106 | I16: 20 | J16: 10 | K16: 4 | L16: 67.533333 | M16: 0
B17: 新签一部 | C17: 张钧凯 | D17: 刘钰鑫 | E17: 1-3月 | F17: 16 | G17: 9 | H17: 0.5625 | I17: 16 | J17: 3 | K17: 0 | L17: 7.45 | M17: 1
B18: 新签一部 | C18: 张钧凯 | D18: 曲赛男 | E18: 1-3月 | F18: 98 | G18: 43 | H18: 0.43877551 | I18: 20 | J18: 13 | K18: 1 | L18: 33.45 | M18: 1
B19: 新签一部 | C19: 张钧凯 | D19: 徐增伟 | E19: 1年-2年 | F19: 61 | G19: 28 | H19: 0.45901639 | I19: 12 | J19: 9 | K19: 2 | L19: 30.15 | M19: 0 | AF19: 截止10:30结束，青岛人均外呼量42，新签部门人均45s有效为7.7，较低的是新签一部，增值部门人均60s有效为3.7。 截止11:30结束，青岛人均外呼量为74，新签部门人均45s有效为13.5，较低的是新签二部，增值部门人均60s有效为5.7。 截止15:30结束，青岛人均外呼量为142，新签部门人均45s有效为25.6，较低的是新签三部，增值部门人均60s有效为19.5。 截止17:30结束，青岛人均外呼量为193，新签部门人均45s有效为33.0，较低的是新签三部，增值部门人均60s有效为19.5。
B20: 新签一部 | C20: 张钧凯 | D20: 杨家豪 | E20: 7月-12月 | F20: 7 | G20: 2 | H20: 0.28571429 | I20: 2 | J20: 2 | K20: 2 | L20: 11.416667 | M20: 1
B21: 新签一部 | C21: 张钧凯 | D21: 杨文斋 | E21: 4月-6月 | F21: 120 | G21: 52 | H21: 0.43333333 | I21: 19 | J21: 11 | K21: 2 | L21: 46.466667 | M21: 0
B22: 新签一部 | C22: 张钧凯 | D22: 郑传禹 | E22: 1-3月 | F22: 147 | G22: 66 | H22: 0.44897959 | I22: 24 | J22: 16 | K22: 2 | L22: 52.85 | M22: 0
B23: 新签二部 | C23: 徐建华 | D23: 曹可景 | E23: 2年-3年 | F23: 190 | G23: 99 | H23: 0.52105263 | I23: 22 | J23: 7 | K23: 0 | L23: 40.55 | M23: 0
B24: 新签二部 | C24: 徐建华 | D24: 陈景豪 | E24: 1年-2年 | F24: 120 | G24: 57 | H24: 0.475 | I24: 16 | J24: 10 | K24: 0 | L24: 34.566667 | M24: 0
B25: 新签二部 | C25: 徐建华 | D25: 陈昔金 | E25: 1-3月 | F25: 206 | G25: 105 | H25: 0.50970874 | I25: 39 | J25: 27 | K25: 4 | L25: 87.633333 | M25: 0
B26: 新签二部 | C26: 徐建华 | D26: 房政杰 | E26: 1年-2年 | F26: 105 | G26: 48 | H26: 0.45714286 | I26: 12 | J26: 7 | K26: 1 | L26: 26.816667 | M26: 0
B27: 新签二部 | C27: 徐建华 | D27: 李先鹏 | E27: 1-3月 | F27: 169 | G27: 72 | H27: 0.4260355 | I27: 35 | J27: 22 | K27: 5 | L27: 82.366667 | M27: 1
B28: 新签二部 | C28: 徐建华 | D28: 练玉洁 | E28: 7月-12月 | F28: 79 | G28: 28 | H28: 0.35443038 | I28: 23 | J28: 6 | K28: 1 | L28: 25.9 | M28: 0
B29: 新签二部 | C29: 徐建华 | D29: 刘旭 | E29: 1-3月 | F29: 134 | G29: 68 | H29: 0.50746269 | I29: 28 | J29: 17 | K29: 2 | L29: 56.366667 | M29: 0
B30: 新签二部 | C30: 徐建华 | D30: 张欣宇 | E30: 7月-12月 | F30: 255 | G30: 102 | H30: 0.4 | I30: 32 | J30: 13 | K30: 1 | L30: 56 | M30: 0
B31: 新签二部 | C31: 徐建华 | D31: 秦即航 | E31: 月内 | F31: 177 | G31: 90 | H31: 0.50847458 | I31: 6 | J31: 3 | K31: 0 | L31: 35.033333 | M31: 0
... B51: 增值一部 | C51: 明靖 | D51: 史玉蕾 | E51: 1-3月 | F51: 47 | G51: 21 | H51: 0.44680851 | I51: 14 | J51: 9 | K51: 0 | L51: 20.3 | M51: 0

Sheet 济南发布
A1: =TODAY() -> 45538 | E1: 人均呼出量 | N1: 人均45s有效
A2: 18点应达到的指标 | B2: 部门 | C2: 主管 | D2: 销售 | E2: 总 | F2: 月内 | G2: 1-3月 | H2: 4月-6月 | I2: 7月-12月 | J2: 1年-2年 | K2: 2年-3年 | L2: 3年以上 | M2: 接通量 | N2: 接通率 | O2: 总 | P2: 月内 | Q2: 1月-3月 | R2: 4月-6月 | S2: 7月-12月 | T2: 1年-2年 | U2: 2年-3年 | V2: 3年以上 | W2: 60s有效 | X2: 180s有效 | Y2: 人均通话时长 | Z2: 人均意向新增 | AB2: 11点应达到的指标 | AC2: 12点应达到的指标 | AD2: 15点应达到的指标 | AE2: 16点应达到的指标 | AF2: 17点应达到的指标 | AG2: 18点应达到的指标
A3: =IF(LEFT(A2,2)="11",AB3,IF(LEFT(A2,2)="12",AC3,IF(LEFT(A2,2)="15",AD3,IF(LEFT(A2,2)="16",AE3,IF(LEFT(A2,2)="17",AF3,IF(LEFT(A2,2)="18",AG3,0)))))) -> 35个45s有效 | B3: 新签一部 | C3: 苗丽 | D3: =COUNTIFS($B$13:$B$282,B3,$F$13:$F$282,"<>0") -> 8 | E3: =AVERAGEIFS(F14:F183,B14:B183,B3) -> 140.875 | F3: =IFERROR(AVERAGEIFS($F$14:$F$183,$B$14:$B$183,$B3,$E$14:$E$183,F$2),"") -> 170 | G3: =IFERROR(AVERAGEIFS($F$14:$F$183,$B$14:$B$183,$B3,$E$14:$E$183,G$2),"") | H3: =IFERROR(AVERAGEIFS($F$14:$F$183,$B$14:$B$183,$B3,$E$14:$E$183,H$2),"") | I3: =IFERROR(AVERAGEIFS($F$14:$F$183,$B$14:$B$183,$B3,$E$14:$E$183,I$2),"") -> 148.25 | J3: =IFERROR(AVERAGEIFS($F$14:$F$183,$B$14:$B$183,$B3,$E$14:$E$183,J$2),"") | K3: =IFERROR(AVERAGEIFS($F$14:$F$183,$B$14:$B$183,$B3,$E$14:$E$183,K$2),"") | L3: =IFERROR(AVERAGEIFS($F$14:$F$183,$B$14:$B$183,$B3,$E$14:$E$183,L$2),"") -> 121.33333 | M3: =AVERAGEIFS(G$14:G$53,$B14:$B53,$B3) -> 61 | N3: =AVERAGEIFS(H$14:H$53,$B$14:$B$53,$B3) -> 0.43014716 | O3: =IFERROR(AVERAGEIFS(I$14:I$53,$B$14:$B$53,$B3,$C$14:$C$53,C3),0) -> 25.25 | P3: =IFERROR(AVERAGEIFS($I$14:$I$183,$B$14:$B$183,$B3,$E$14:$E$183,F$2),"") -> 23 | Q3: =IFERROR(AVERAGEIFS($I$14:$I$183,$B$14:$B$183,$B3,$E$14:$E$183,G$2),"") | R3: =IFERROR(AVERAGEIFS($I$14:$I$183,$B$14:$B$183,$B3,$E$14:$E$183,H$2),"") | S3: =IFERROR(AVERAGEIFS($I$14:$I$183,$B$14:$B$183,$B3,$E$14:$E$183,I$2),"") -> 25.5 | T3: =IFERROR(AVERAGEIFS($I$14:$I$183,$B$14:$B$183,$B3,$E$14:$E$183,J$2),"") | U3: =IFERROR(AVERAGEIFS($I$14:$I$183,$B$14:$B$183,$B3,$E$14:$E$183,K$2),"") | V3: =IFERROR(AVERAGEIFS($I$14:$I$183,$B$14:$B$183,$B3,$E$14:$E$183,L$2),"") -> 25.666667 | W3: =AVERAGEIFS(J$14:J$53,$B$14:$B$53,$B3) -> 13.125 | X3: =AVERAGEIFS(K$14:K$53,$B$14:$B$53,$B3) -> 1.625 | Y3: =AVERAGEIFS(L$14:L$53,$B$14:$B$53,$B3) -> 44.358333 | Z3: =AVERAGEIFS(M$14:M$53,$B$14:$B$53,$B3) -> 1.25 | AB3: 9个45s有效 | AC3: 15个45s有效 | AD3: 22个45s有效 | AE3: 27个45s有效 | AF3: 32个45s有效 | AG3: 35个45s有效
A4: =IF(LEFT(A2,2)="11",AB3,IF(LEFT(A2,2)="12",AC3,IF(LEFT(A2,2)="15",AD3,IF(LEFT(A2,2)="16",AE3,IF(LEFT(A2,2)="17",AF3,IF(LEFT(A2,2)="18",AG3,0)))))) -> 35个45s有效 | B4: 新签二部 | C4: 王荣琛 | D4: =COUNTIFS($B$13:$B$282,B4,$F$13:$F$282,"<>0") -> 7 | E4: =AVERAGEIFS(F15:F184,B15:B184,B4) -> 200.28571 | F4: =IFERROR(AVERAGEIFS($F$14:$F$183,$B$14:$B$183,$B4,$E$14:$E$183,F$2),"") -> 274.5 | G4: =IFERROR(AVERAGEIFS($F$14:$F$183,$B$14:$B$183,$B4,$E$14:$E$183,G$2),"") -> 223.5 | H4: =IFERROR(AVERAGEIFS($F$14:$F$183,$B$14:$B$183,$B4,$E$14:$E$183,H$2),"") -> 80 | I4: =IFERROR(AVERAGEIFS($F$14:$F$183,$B$14:$B$183,$B4,$E$14:$E$183,I$2),"") -> 237 | J4: =IFERROR(AVERAGEIFS($F$14:$F$183,$B$14:$B$183,$B4,$E$14:$E$183,J$2),"") | K4: =IFERROR(AVERAGEIFS($F$14:$F$183,$B$14:$B$183,$B4,$E$14:$E$183,K$2),"") | L4: =IFERROR(AVERAGEIFS($F$14:$F$183,$B$14:$B$183,$B4,$E$14:$E$183,L$2),"") -> 89 | M4: =AVERAGEIFS($G$14:$G$53,$B$14:$B$53,B4) -> 97.285714 | N4: =AVERAGEIFS(H$14:H$53,$B$14:$B$53,$B4) -> 0.47453038 | O4: =IFERROR(AVERAGEIFS(I$14:I$53,$B$14:$B$53,$B4,$C$14:$C$53,C4),0) -> 29.714286 | P4: =IFERROR(AVERAGEIFS($I$14:$I$183,$B$14:$B$183,$B4,$E$14:$E$183,F$2),"") -> 36 | Q4: =IFERROR(AVERAGEIFS($I$14:$I$183,$B$14:$B$183,$B4,$E$14:$E$183,G$2),"") -> 33.5 | R4: =IFERROR(AVERAGEIFS($I$14:$I$183,$B$14:$B$183,$B4,$E$14:$E$183,H$2),"") -> 23 | S4: =IFERROR(AVERAGEIFS($I$14:$I$183,$B$14:$B$183,$B4,$E$14:$E$183,I$2),"") -> 31 | T4: =IFERROR(AVERAGEIFS($I$14:$I$183,$B$14:$B$183,$B4,$E$14:$E$183,J$2),"") | U4: =IFERROR(AVERAGEIFS($I$14:$I$183,$B$14:$B$183,$B4,$E$14:$E$183,K$2),"") | V4: =IFERROR(AVERAGEIFS($I$14:$I$183,$B$14:$B$183,$B4,$E$14:$E$183,L$2),"") -> 15 | W4: =AVERAGEIFS(J$14:J$53,$B$14:$B$53,$B4) -> 18.142857 | X4: =AVERAGEIFS(K$14:K$53,$B$14:$B$53,$B4) -> 1.1428571 | Y4: =AVERAGEIFS(L$14:L$53,$B$14:$B$53,$B4) -> 62.97619 | Z4: =AVERAGEIFS(M$14:M$53,$B$14:$B$53,$B4) -> 0.42857143 | AB4: 9个46s有效 | AC4: 15个46s有效 | AD4: 22个46s有效 | AE4: 27个46s有效 | AF4: 32个46s有效 | AG4: 35个46s有效
A5: =IF(LEFT(A2,2)="11",AB3,IF(LEFT(A2,2)="12",AC3,IF(LEFT(A2,2)="15",AD3,IF(LEFT(A2,2)="16",AE3,IF(LEFT(A2,2)="17",AF3,IF(LEFT(A2,2)="18",AG3,0)))))) -> 35个45s有效 | B5: 新签三部 | C5: 户桂浩 | D5: =COUNTIFS($B$13:$B$282,B5,$F$13:$F$282,"<>0") -> 11 | E5: =AVERAGEIFS(F16:F185,B16:B185,B5) -> 201.72727 | F5: =IFERROR(AVERAGEIFS($F$14:$F$183,$B$14:$B$183,$B5,$E$14:$E$183,F$2),"") -> 251 | G5: =IFERROR(AVERAGEIFS($F$14:$F$183,$B$14:$B$183,$B5,$E$14:$E$183,G$2),"") -> 205.33333 | H5: =IFERROR(AVERAGEIFS($F$14:$F$183,$B$14:$B$183,$B5,$E$14:$E$183,H$2),"") -> 173.5 | I5: =IFERROR(AVERAGEIFS($F$14:$F$183,$B$14:$B$183,$B5,$E$14:$E$183,I$2),"") | J5: =IFERROR(AVERAGEIFS($F$14:$F$183,$B$14:$B$183,$B5,$E$14:$E$183,J$2),"") -> 194 | K5: =IFERROR(AVERAGEIFS($F$14:$F$183,$B$14:$B$183,$B5,$E$14:$E$183,K$2),"") -> 118 | L5: =IFERROR(AVERAGEIFS($F$14:$F$183,$B$14:$B$183,$B5,$E$14:$E$183,L$2),"") -> 191 | M5: =AVERAGEIFS($G$14:$G$53,$B$14:$B$53,B5) -> 77.545455 | N5: =AVERAGEIFS(H$14:H$53,$B$14:$B$53,$B5) -> 0.38009981 | O5: =IFERROR(AVERAGEIFS(I$14:I$53,$B$14:$B$53,$B5,$C$14:$C$53,C5),0) -> 25.636364 | P5: =IFERROR(AVERAGEIFS($I$14:$I$183,$B$14:$B$183,$B5,$E$14:$E$183,F$2),"") -> 30.333333 | Q5: =IFERROR(AVERAGEIFS($I$14:$I$183,$B$14:$B$183,$B5,$E$14:$E$183,G$2),"") -> 27 | R5: =IFERROR(AVERAGEIFS($I$14:$I$183,$B$14:$B$183,$B5,$E$14:$E$183,H$2),"") -> 27 | S5: =IFERROR(AVERAGEIFS($I$14:$I$183,$B$14:$B$183,$B5,$E$14:$E$183,I$2),"") | T5: =IFERROR(AVERAGEIFS($I$14:$I$183,$B$14:$B$183,$B5,$E$14:$E$183,J$2),"") -> 18 | U5: =IFERROR(AVERAGEIFS($I$14:$I$183,$B$14:$B$183,$B5,$E$14:$E$183,K$2),"") -> 15 | V5: =IFERROR(AVERAGEIFS($I$14:$I$183,$B$14:$B$183,$B5,$E$14:$E$183,L$2),"") -> 23 | W5: =AVERAGEIFS(J$14:J$53,$B$14:$B$53,$B5) -> 13.272727 | X5: =AVERAGEIFS(K$14:K$53,$B$14:$B$53,$B5) -> 1.4545455 | Y5: =AVERAGEIFS(L$14:L$53,$B$14:$B$53,$B5) -> 51.119697 | Z5: =AVERAGEIFS(M$14:M$53,$B$14:$B$53,$B5) -> 0.18181818 | AB5: 9个47s有效 | AC5: 15个47s有效 | AD5: 22个47s有效 | AE5: 27个47s有效 | AF5: 32个47s有效 | AG5: 35个47s有效
A6: =IF(LEFT(A2,2)="11",AB3,IF(LEFT(A2,2)="12",AC3,IF(LEFT(A2,2)="15",AD3,IF(LEFT(A2,2)="16",AE3,IF(LEFT(A2,2)="17",AF3,IF(LEFT(A2,2)="18",AG3,0)))))) -> 35个45s有效 | B6: 新签四部 | C6: 梁梦飞 | D6: =COUNTIFS($B$13:$B$282,B6,$F$13:$F$282,"<>0") -> 5 | E6: =AVERAGEIFS(F17:F186,B17:B186,B6) -> 261.8 | F6: =IFERROR(AVERAGEIFS($F$14:$F$183,$B$14:$B$183,$B6,$E$14:$E$183,F$2),"") | G6: =IFERROR(AVERAGEIFS($F$14:$F$183,$B$14:$B$183,$B6,$E$14:$E$183,G$2),"") -> 274 | H6: =IFERROR(AVERAGEIFS($F$14:$F$183,$B$14:$B$183,$B6,$E$14:$E$183,H$2),"") | I6: =IFERROR(AVERAGEIFS($F$14:$F$183,$B$14:$B$183,$B6,$E$14:$E$183,I$2),"") -> 243.5 | J6: =IFERROR(AVERAGEIFS($F$14:$F$183,$B$14:$B$183,$B6,$E$14:$E$183,J$2),"") | K6: =IFERROR(AVERAGEIFS($F$14:$F$183,$B$14:$B$183,$B6,$E$14:$E$183,K$2),"") | L6: =IFERROR(AVERAGEIFS($F$14:$F$183,$B$14:$B$183,$B6,$E$14:$E$183,L$2),"") | M6: =AVERAGEIFS($G$14:$G$53,$B$14:$B$53,B6) -> 110 | N6: =AVERAGEIFS(H$14:H$53,$B$14:$B$53,$B6) -> 0.4213698 | O6: =IFERROR(AVERAGEIFS(I$14:I$53,$B$14:$B$53,$B6,$C$14:$C$53,C6),0) -> 36 | P6: =IFERROR(AVERAGEIFS($I$14:$I$183,$B$14:$B$183,$B6,$E$14:$E$183,F$2),"") | Q6: =IFERROR(AVERAGEIFS($I$14:$I$183,$B$14:$B$183,$B6,$E$14:$E$183,G$2),"") -> 33.333333 | R6: =IFERROR(AVERAGEIFS($I$14:$I$183,$B$14:$B$183,$B6,$E$14:$E$183,H$2),"") | S6: =IFERROR(AVERAGEIFS($I$14:$I$183,$B$14:$B$183,$B6,$E$14:$E$183,I$2),"") -> 40 | T6: =IFERROR(AVERAGEIFS($I$14:$I$183,$B$14:$B$183,$B6,$E$14:$E$183,J$2),"") | U6: =IFERROR(AVERAGEIFS($I$14:$I$183,$B$14:$B$183,$B6,$E$14:$E$183,K$2),"") | V6: =IFERROR(AVERAGEIFS($I$14:$I$183,$B$14:$B$183,$B6,$E$14:$E$183,L$2),"") | W6: =AVERAGEIFS(J$14:J$53,$B$14:$B$53,$B6) -> 15.8 | X6: =AVERAGEIFS(K$14:K$53,$B$14:$B$53,$B6) -> 1.8 | Y6: =AVERAGEIFS(L$14:L$53,$B$14:$B$53,$B6) -> 68.473333 | Z6: =AVERAGEIFS(M$14:M$53,$B$14:$B$53,$B6) -> 0.4 | AB6: 9个48s有效 | AC6: 15个48s有效 | AD6: 22个48s有效 | AE6: 27个48s有效 | AF6: 32个48s有效 | AG6: 35个48s有效
A7: =IF(LEFT(A2,2)="11",AB7,IF(LEFT(A2,2)="12",AC7,IF(LEFT(A2,2)="15",AD7,IF(LEFT(A2,2)="16",AE7,IF(LEFT(A2,2)="17",AF7,IF(LEFT(A2,2)="18",AG7,0)))))) -> 30个45s有效 | B7: 增值一部 | C7: 时蒙蒙 | D7: =COUNTIFS($B$13:$B$282,B7,$F$13:$F$282,"<>0") -> 7 | E7: =AVERAGEIFS(F19:F188,B19:B188,B7) -> 53.428571 | F7: =IFERROR(AVERAGEIFS($F$14:$F$183,$B$14:$B$183,$B7,$E$14:$E$183,F$2),"") | G7: =IFERROR(AVERAGEIFS($F$14:$F$183,$B$14:$B$183,$B7,$E$14:$E$183,G$2),"") -> 148 | H7: =IFERROR(AVERAGEIFS($F$14:$F$183,$B$14:$B$183,$B7,$E$14:$E$183,H$2),"") -> 49 | I7: =IFERROR(AVERAGEIFS($F$14:$F$183,$B$14:$B$183,$B7,$E$14:$E$183,I$2),"") | J7: =IFERROR(AVERAGEIFS($F$14:$F$183,$B$14:$B$183,$B7,$E$14:$E$183,J$2),"") | K7: =IFERROR(AVERAGEIFS($F$14:$F$183,$B$14:$B$183,$B7,$E$14:$E$183,K$2),"") | L7: =IFERROR(AVERAGEIFS($F$14:$F$183,$B$14:$B$183,$B7,$E$14:$E$183,L$2),"") -> 32 | M7: =AVERAGEIFS($G$14:$G$53,$B$14:$B$53,B7) -> 26.857143 | N7: =AVERAGEIFS(H$14:H$53,$B$14:$B$53,$B7) -> 0.55606546 | O7: =IFERROR(AVERAGEIFS(I$14:I$53,$B$14:$B$53,$B7,$C$14:$C$53,C7),0) -> 15.714286 | P7: =IFERROR(AVERAGEIFS($I$14:$I$183,$B$14:$B$183,$B7,$E$14:$E$183,F$2),"") | Q7: =IFERROR(AVERAGEIFS($I$14:$I$183,$B$14:$B$183,$B7,$E$14:$E$183,G$2),"") -> 17 | R7: =IFERROR(AVERAGEIFS($I$14:$I$183,$B$14:$B$183,$B7,$E$14:$E$183,H$2),"") -> 12 | S7: =IFERROR(AVERAGEIFS($I$14:$I$183,$B$14:$B$183,$B7,$E$14:$E$183,I$2),"") | T7: =IFERROR(AVERAGEIFS($I$14:$I$183,$B$14:$B$183,$B7,$E$14:$E$183,J$2),"") | U7: =IFERROR(AVERAGEIFS($I$14:$I$183,$B$14:$B$183,$B7,$E$14:$E$183,K$2),"") | V7: =IFERROR(AVERAGEIFS($I$14:$I$183,$B$14:$B$183,$B7,$E$14:$E$183,L$2),"") -> 17.25 | W7: =AVERAGEIFS(J$14:J$53,$B$14:$B$53,$B7) -> 7.4285714 | X7: =AVERAGEIFS(K$14:K$53,$B$14:$B$53,$B7) -> 1.1428571 | Y7: =AVERAGEIFS(L$14:L$53,$B$14:$B$53,$B7) -> 24.804762 | Z7: =AVERAGEIFS(M$14:M$53,$B$14:$B$53,$B7) -> 0.85714286 | AB7: 7个45s有效 | AC7: 11个50s有效 | AD7: 15个45s有效 | AE7: 21个45s有效 | AF7: 26个45s有效 | AG7: 30个45s有效
B8: 物流行业一部 | C8: 冯凯 | D8: =COUNTIFS($B$13:$B$16,B8,$F$13:$F$16,"<>0") -> 0 | E8: =IFERROR(SUMIFS([1]话务数据源!C:C,[1]话务数据源!A:A,B8,[1]话务数据源!P:P,1)/D8,"") | G8: =IFERROR(SUMIFS([1]话务数据源!C:C,[1]话务数据源!A:A,B8,[1]话务数据源!N:N,"0月-3月",[1]话务数据源!P:P,1)/COUNTIFS([1]话务数据源!A:A,B8,[1]话务数据源!N:N,"0月-3月",[1]话务数据源!P:P,1),"") | H8: =IFERROR(SUMIFS([1]话务数据源!C:C,[1]话务数据源!A:A,B8,[1]话务数据源!N:N,"4月-6月",[1]话务数据源!P:P,1)/COUNTIFS([1]话务数据源!A:A,B8,[1]话务数据源!N:N,"4月-6月",[1]话务数据源!P:P,1),"") | I8: =IFERROR(SUMIFS([1]话务数据源!C:C,[1]话务数据源!A:A,B8,[1]话务数据源!N:N,"7月-12月",[1]话务数据源!P:P,1)/COUNTIFS([1]话务数据源!A:A,B8,[1]话务数据源!N:N,"7月-12月",[1]话务数据源!P:P,1),"") | J8: =IFERROR(SUMIFS([1]话务数据源!C:C,[1]话务数据源!A:A,B8,[1]话务数据源!N:N,"1年-2年",[1]话务数据源!P:P,1)/COUNTIFS([1]话务数据源!A:A,B8,[1]话务数据源!N:N,"1年-2年",[1]话务数据源!P:P,1),"") | K8: =IFERROR(SUMIFS([1]话务数据源!C:C,[1]话务数据源!A:A,B8,[1]话务数据源!N:N,"2年-3年",[1]话务数据源!P:P,1)/COUNTIFS([1]话务数据源!A:A,B8,[1]话务数据源!N:N,"2年-3年",[1]话务数据源!P:P,1),"") | L8: =IFERROR(SUMIFS([1]话务数据源!C:C,[1]话务数据源!A:A,B8,[1]话务数据源!N:N,"3年以上",[1]话务数据源!P:P,1)/COUNTIFS([1]话务数据源!A:A,B8,[1]话务数据源!N:N,"3年以上",[1]话务数据源!P:P,1),"") | M8: =IFERROR(SUMIFS([1]话务数据源!D:D,[1]话务数据源!A:A,B8,[1]话务数据源!P:P,1)/D8,"") | N8: =IFERROR(M8/E8,"") | O8: =IFERROR(SUMIFS([1]话务数据源!O:O,[1]话务数据源!A:A,B8,[1]话务数据源!P:P,1)/D8,"") | Q8: =IFERROR(SUMIFS([1]话务数据源!O:O,[1]话务数据源!A:A,B8,[1]话务数据源!N:N,"0月-3月",[1]话务数据源!P:P,1)/COUNTIFS([1]话务数据源!A:A,B8,[1]话务数据源!N:N,"0月-3月",[1]话务数据源!P:P,1),"") | R8: =IFERROR(SUMIFS([1]话务数据源!O:O,[1]话务数据源!A:A,B8,[1]话务数据源!N:N,"4月-6月",[1]话务数据源!P:P,1)/COUNTIFS([1]话务数据源!A:A,B8,[1]话务数据源!N:N,"4月-6月",[1]话务数据源!P:P,1),"") | S8: =IFERROR(SUMIFS([1]话务数据源!O:O,[1]话务数据源!A:A,B8,[1]话务数据源!N:N,"7月-12月",[1]话务数据源!P:P,1)/COUNTIFS([1]话务数据源!A:A,B8,[1]话务数据源!N:N,"7月-12月",[1]话务数据源!P:P,1),"") | T8: =IFERROR(SUMIFS([1]话务数据源!O:O,[1]话务数据源!A:A,B8,[1]话务数据源!N:N,"1年-2年",[1]话务数据源!P:P,1)/COUNTIFS([1]话务数据源!A:A,B8,[1]话务数据源!N:N,"1年-2年",[1]话务数据源!P:P,1),"") | U8: =IFERROR(SUMIFS([1]话务数据源!O:O,[1]话务数据源!A:A,B8,[1]话务数据源!N:N,"2年-3年",[1]话务数据源!P:P,1)/COUNTIFS([1]话务数据源!A:A,B8,[1]话务数据源!N:N,"2年-3年",[1]话务数据源!P:P,1),"") | V8: =IFERROR(SUMIFS([1]话务数据源!O:O,[1]话务数据源!A:A,B8,[1]话务数据源!N:N,"3年以上",[1]话务数据源!P:P,1)/COUNTIFS([1]话务数据源!A:A,B8,[1]话务数据源!N:N,"3年以上",[1]话务数据源!P:P,1),"") | X8: =IFERROR(SUMIFS([1]话务数据源!F:F,[1]话务数据源!A:A,B8,[1]话务数据源!P:P,1)/D8,"") | Y8: =IFERROR(SUMIFS([1]话务数据源!H:H,[1]话务数据源!A:A,B8,[1]话务数据源!P:P,1)/D8,"") | Z8: =IFERROR(VLOOKUP(B8,[1]意向!B:E,2,FALSE)/D8,"")
